CustomerId,CustomerTypeId,CustomerRelationshipTypeId,DateOfBirth,CustomerEstablishedDate,IsActive,FirstName,LastName,Gender,PrimaryPhone,SecondaryPhone,PrimaryEmail,SecondaryEmail,CreatedBy,UpdatedBy,GoldLoadTimestamp
CID-001,Individual,VIP,1960-03-18,2019-01-01,True,Tsehayetu,Abera,Female,(985) 555-0158,None,tsehayetu@contoso.com,None,Sales,Source_Data_Loader,2025-08-26 22:25:32.671411
CID-002,Government,Local,1960-01-14,2019-01-05,False,Antra,Abola,Female,(765) 555-0191,(470) 555-0206,antra@contoso.com,None,Services,Source_Data_Loader,2025-08-26 22:25:32.671411
CID-003,Business,SMB,1964-12-28,2019-01-10,True,Ida,Abolina,Female,(717) 555-0103,None,ida@contoso.com,None,Sales,Source_Data_Loader,2025-08-26 22:25:32.671411
CID-004,Individual,Standard,1996-05-11,2019-01-14,True,Deniz,Acar,Male,(952) 555-0195,None,deniz@contoso.com,None,Sales,Source_Data_Loader,2025-08-26 22:25:32.671411
CID-005,Individual,Premium,1976-12-07,2019-01-19,True,Guner,Aktas,Male,(843) 555-0165,None,guner@contoso.com,None,Sales,Source_Data_Loader,2025-08-26 22:25:32.671411
CID-006,Individual,VIP,1950-04-29,2019-01-24,True,Danaite,Alemseged,Female,(959) 555-0102,None,danaite@contoso.com,None,Sales,Source_Data_Loader,2025-08-26 22:25:32.671411
CID-007,Individual,Standard,1986-02-01,2019-01-28,True,Asmerom,Ambaye,Male,(860) 555-0107,(701) 555-0262,asmerom@contoso.com,None,Sales,Source_Data_Loader,2025-08-26 22:25:32.671411
CID-008,Business,SMB,1957-12-30,2019-02-02,True,Kiana,Anderson,Female,(941) 555-0114,None,kiana@contoso.com,None,Sales,Source_Data_Loader,2025-08-26 22:25:32.671411
CID-009,Individual,Standard,1964-10-02,2019-02-07,False,Jakob,Anhalt,Male,(657) 555-0130,None,jakob@contoso.com,None,Sales,Source_Data_Loader,2025-08-26 22:25:32.671411
CID-010,Business,Partner,1986-02-03,2019-02-11,True,Elisabeth,Arcouet,Female,(740) 555-0144,None,elisabeth@contoso.com,None,Sales,Source_Data_Loader,2025-08-26 22:25:32.671411
CID-011,Individual,Premium,1953-04-29,2019-02-16,True,Enric,Argilaguet,Male,(914) 555-0170,None,enric@contoso.com,None,Sales,Source_Data_Loader,2025-08-26 22:25:32.671411
CID-012,Government,State,1970-05-12,2019-02-20,True,Ernest,Arquimbau,Male,(469) 555-0156,None,ernest@contoso.com,None,Services,Source_Data_Loader,2025-08-26 22:25:32.671411
CID-013,Business,SMB,1955-09-10,2019-02-25,True,Murat,Arslan,Male,(956) 555-0173,None,murat@contoso.com,None,Sales,Source_Data_Loader,2025-08-26 22:25:32.671411
CID-014,Individual,Standard,1960-04-05,2019-03-02,False,Winta,Asemelash,Female,(816) 555-0117,None,winta@contoso.com,None,Sales,Source_Data_Loader,2025-08-26 22:25:32.671411
CID-015,Individual,Standard,1950-03-13,2019-03-06,True,Gokce,Aslan,Female,(731) 555-0192,(508) 555-0213,gokce@contoso.com,None,Sales,Source_Data_Loader,2025-08-26 22:25:32.671411
CID-016,Individual,Standard,1969-02-04,2019-03-11,True,Abbi,Atkins,Female,(330) 555-0197,None,abbi@contoso.com,None,Sales,Source_Data_Loader,2025-08-26 22:25:32.671411
CID-017,Individual,VIP,1962-09-16,2019-03-16,True,Diana,Aunina,Male,(657) 555-0144,None,diana@contoso.com,None,Sales,Source_Data_Loader,2025-08-26 22:25:32.671411
CID-018,Individual,Premium,1953-09-15,2019-03-20,True,Nils,Aunins,Female,(609) 555-0168,None,nils@contoso.com,None,Sales,Source_Data_Loader,2025-08-26 22:25:32.671411
CID-019,Individual,VIP,1975-04-12,2019-03-25,True,Claude,Aupry,Male,(516) 555-0103,None,claude@contoso.com,None,Services,Source_Data_Loader,2025-08-26 22:25:32.671411
CID-020,Individual,VIP,1941-05-11,2019-03-29,True,Hasan,Aydin,Male,(425) 555-0122,None,hasan@contoso.com,None,Sales,Source_Data_Loader,2025-08-26 22:25:32.671411
CID-021,Individual,Premium,1960-08-31,2019-04-03,True,Jonas,Baar,Male,(207) 555-0131,(314) 555-0277,jonas@contoso.com,None,Sales,Source_Data_Loader,2025-08-26 22:25:32.671411
CID-022,Individual,Premium,1935-02-25,2019-04-08,True,Anna,Baginska,Female,(478) 555-0117,None,anna@contoso.com,None,Sales,Source_Data_Loader,2025-08-26 22:25:32.671411
CID-023,Individual,VIP,1995-11-08,2019-04-12,True,Georgijs,Baltins,Male,(925) 555-0139,(251) 555-0214,georgijs@contoso.com,None,Sales,Source_Data_Loader,2025-08-26 22:25:32.671411
CID-024,Individual,Premium,1924-05-19,2019-04-17,True,Malik,Barden,Male,(434) 555-0172,None,malik@contoso.com,None,Sales,Source_Data_Loader,2025-08-26 22:25:32.671411
CID-025,Individual,Standard,1989-11-02,2019-04-22,True,Carmelo,Barese,Male,(815) 555-0173,(405) 555-0202,carmelo@contoso.com,None,Sales,Source_Data_Loader,2025-08-26 22:25:32.671411
CID-026,Business,SMB,1958-01-26,2019-04-26,True,Rebecca,Baresi,Female,(773) 555-0105,None,rebecca@contoso.com,None,Sales,Source_Data_Loader,2025-08-26 22:25:32.671411
CID-027,Individual,Standard,1993-05-05,2019-05-01,True,Genevieve,Beauchesne,Female,(503) 555-0162,None,genevieve@contoso.com,None,Sales,Source_Data_Loader,2025-08-26 22:25:32.671411
CID-028,Individual,VIP,1976-01-09,2019-05-06,True,Claude,Beaulieu,Female,(478) 555-0110,(716) 555-0231,claude@contoso.com,claude@fabrikam.com,Sales,Source_Data_Loader,2025-08-26 22:25:32.671411
CID-029,Individual,Premium,1929-11-10,2019-05-10,True,Robin,Becker,Male,(434) 555-0103,None,robin@contoso.com,None,Sales,Source_Data_Loader,2025-08-26 22:25:32.671411
CID-030,Individual,Standard,1981-01-24,2019-05-15,True,Noel,Belisle,Male,(989) 555-0182,None,noel@contoso.com,None,Sales,Source_Data_Loader,2025-08-26 22:25:32.671411
CID-031,Individual,Premium,1964-06-13,2019-05-19,True,Omar,Bennett,Male,(775) 555-0169,(267) 555-0261,omar@contoso.com,None,Sales,Source_Data_Loader,2025-08-26 22:25:32.671411
CID-032,Individual,Premium,1952-09-09,2019-05-24,True,Kahsay,Bereket,Male,(973) 555-0121,(440) 555-0281,kahsay@contoso.com,None,Sales,Source_Data_Loader,2025-08-26 22:25:32.671411
CID-033,Individual,Standard,1962-02-11,2019-05-29,True,Eden,Berhe,Female,(720) 555-0183,None,eden@contoso.com,None,Sales,Source_Data_Loader,2025-08-26 22:25:32.671411
CID-034,Government,Local,1996-11-28,2019-06-02,True,Marie,Berthelette,Female,(608) 555-0110,None,marie@contoso.com,None,Services,Source_Data_Loader,2025-08-26 22:25:32.671411
CID-035,Government,State,1996-09-02,2019-06-07,True,Pol,Bertolich,Male,(870) 555-0102,None,pol@contoso.com,pol@fabrikam.com,Services,Source_Data_Loader,2025-08-26 22:25:32.671411
CID-036,Business,SMB,1990-08-25,2019-06-12,True,Francesca,Bianchi,Female,(401) 555-0186,None,francesca@contoso.com,None,Sales,Source_Data_Loader,2025-08-26 22:25:32.671411
CID-037,Individual,Premium,1965-08-28,2019-06-16,True,Jausma,Bite,Male,(920) 555-0196,(769) 555-0277,jausma@contoso.com,None,Sales,Source_Data_Loader,2025-08-26 22:25:32.671411
CID-038,Individual,Premium,1991-11-05,2019-06-21,True,Ales,Bizjak,Male,(224) 555-0172,None,ales@contoso.com,None,Sales,Source_Data_Loader,2025-08-26 22:25:32.671411
CID-039,Individual,VIP,1981-06-05,2019-06-25,True,Jana,Blazkova,Female,(940) 555-0173,None,jana@contoso.com,None,Sales,Source_Data_Loader,2025-08-26 22:25:32.671411
CID-040,Individual,Premium,1986-12-05,2019-06-30,True,Emma,Blug,Female,(409) 555-0146,None,emma@contoso.com,None,Sales,Source_Data_Loader,2025-08-26 22:25:32.671411
CID-041,Individual,Premium,1928-08-13,2019-07-05,True,Gilbert,Bonsaint,Male,(352) 555-0146,None,gilbert@contoso.com,gilbert@fabrikam.com,Sales,Source_Data_Loader,2025-08-26 22:25:32.671411
CID-042,Individual,VIP,1970-03-26,2019-07-09,True,Wojciech,Borkowski,Male,(904) 555-0186,None,wojciech@contoso.com,None,Sales,Source_Data_Loader,2025-08-26 22:25:32.671411
CID-043,Individual,Standard,1959-02-08,2019-07-14,True,Maurice,Boule,Male,(254) 555-0124,None,maurice@contoso.com,None,Services,Source_Data_Loader,2025-08-26 22:25:32.671411
CID-044,Government,Local,1954-01-06,2019-07-19,True,Alexis,Bourgeois,Female,(843) 555-0124,None,alexis@contoso.com,None,Services,Source_Data_Loader,2025-08-26 22:25:32.671411
CID-045,Individual,Standard,1983-08-28,2019-07-23,True,Archie,Boyle,Male,(385) 555-0177,None,archie@contoso.com,None,Services,Source_Data_Loader,2025-08-26 22:25:32.671411
CID-046,Individual,Premium,1951-09-13,2019-07-28,True,Tomaz,Bozic,Male,(430) 555-0140,(559) 555-0203,tomaz@contoso.com,None,Services,Source_Data_Loader,2025-08-26 22:25:32.671411
CID-047,Individual,Premium,1974-05-10,2019-08-02,True,Danielle,Brasseur,Female,(240) 555-0177,None,danielle@contoso.com,None,Sales,Source_Data_Loader,2025-08-26 22:25:32.671411
CID-048,Individual,Premium,1972-06-28,2019-08-06,True,Amala,Braun,Female,(508) 555-0147,None,amala@contoso.com,None,Sales,Source_Data_Loader,2025-08-26 22:25:32.671411
CID-049,Individual,Standard,1956-10-25,2019-08-11,True,Leonie,Briegel,Female,(812) 555-0109,None,leonie@contoso.com,None,Sales,Source_Data_Loader,2025-08-26 22:25:32.671411
CID-050,Individual,Standard,1976-10-10,2019-08-15,True,Quincy,Brooks,Male,(443) 555-0174,None,quincy@contoso.com,None,Sales,Source_Data_Loader,2025-08-26 22:25:32.671411
CID-051,Government,Local,1946-07-31,2019-08-20,True,Angel,Brown,Female,(213) 555-0184,None,angel@contoso.com,None,Services,Source_Data_Loader,2025-08-26 22:25:32.671411
CID-052,Business,SMB,1997-12-07,2019-08-25,True,Camille,Brunelle,Female,(775) 555-0144,None,camille@contoso.com,None,Sales,Source_Data_Loader,2025-08-26 22:25:32.671411
CID-053,Government,State,1986-11-17,2019-08-29,True,Filippa,Bruno,Female,(769) 555-0163,None,filippa@contoso.com,None,Services,Source_Data_Loader,2025-08-26 22:25:32.671411
CID-054,Business,SMB,1959-02-28,2019-09-03,True,Yuksel,Bulut,Male,(337) 555-0101,(740) 555-0268,yuksel@contoso.com,None,Services,Source_Data_Loader,2025-08-26 22:25:32.671411
CID-055,Individual,Standard,1954-03-16,2019-09-08,True,Pavel,Bures,Male,(515) 555-0141,None,pavel@contoso.com,None,Sales,Source_Data_Loader,2025-08-26 22:25:32.671411
CID-056,Government,Federal,1969-07-10,2019-09-12,True,Jaroslava,Buresova,Female,(318) 555-0174,(458) 555-0285,jaroslava@contoso.com,None,Services,Source_Data_Loader,2025-08-26 22:25:32.671411
CID-057,Individual,Standard,1965-12-28,2019-09-17,True,Victoria,Burke,Female,(928) 555-0117,None,victoria@contoso.com,None,Sales,Source_Data_Loader,2025-08-26 22:25:32.671411
CID-058,Individual,Premium,1962-06-04,2019-09-21,True,Klaus,Buzov,Male,(714) 555-0189,None,klaus@contoso.com,klaus@fabrikam.com,Sales,Source_Data_Loader,2025-08-26 22:25:32.671411
CID-059,Individual,Premium,1963-02-04,2019-09-26,True,Martin,Cahua,Male,(601) 555-0105,(870) 555-0296,martin@contoso.com,martin@fabrikam.com,Sales,Source_Data_Loader,2025-08-26 22:25:32.671411
CID-060,Individual,Standard,1982-12-22,2019-10-01,True,Tuna,Cakir,Male,(847) 555-0147,None,tuna@contoso.com,None,Sales,Source_Data_Loader,2025-08-26 22:25:32.671411
CID-061,Individual,Premium,1998-06-26,2019-10-05,True,Quinn,Campbell,Female,(401) 555-0159,None,quinn@contoso.com,None,Sales,Source_Data_Loader,2025-08-26 22:25:32.671411
CID-062,Individual,VIP,1981-02-14,2019-10-10,True,Seyhan,Can,Male,(860) 555-0101,None,seyhan@contoso.com,None,Sales,Source_Data_Loader,2025-08-26 22:25:32.671411
CID-063,Business,Partner,1934-04-27,2019-10-15,True,Sam,Cantrell,Female,(951) 555-0178,(909) 555-0281,sam@contoso.com,None,Services,Source_Data_Loader,2025-08-26 22:25:32.671411
CID-064,Individual,Standard,1987-07-29,2019-10-19,True,Cataldo,Capon,Male,(364) 555-0106,(325) 555-0231,cataldo@contoso.com,None,Sales,Source_Data_Loader,2025-08-26 22:25:32.671411
CID-065,Individual,VIP,1993-03-11,2019-10-24,True,Christian,Cartier,Male,(718) 555-0145,None,christian@contoso.com,None,Sales,Source_Data_Loader,2025-08-26 22:25:32.671411
CID-066,Individual,Premium,1973-02-14,2019-10-29,True,Pere,Castellsegui,Male,(336) 555-0111,(814) 555-0259,pere@contoso.com,None,Sales,Source_Data_Loader,2025-08-26 22:25:32.671411
CID-067,Individual,Standard,1995-01-03,2019-11-02,True,Gianni,Castiglione,Male,(580) 555-0142,None,gianni@contoso.com,None,Sales,Source_Data_Loader,2025-08-26 22:25:32.671411
CID-068,Business,SMB,1960-07-29,2019-11-07,True,Hanife,Celik,Female,(219) 555-0162,(414) 555-0287,hanife@contoso.com,None,Sales,Source_Data_Loader,2025-08-26 22:25:32.671411
CID-069,Individual,VIP,1947-02-15,2019-11-11,True,Izabella,Celma,Male,(878) 555-0180,(215) 555-0255,izabella@contoso.com,None,Services,Source_Data_Loader,2025-08-26 22:25:32.671411
CID-070,Government,Local,1977-11-27,2019-11-16,True,Sarmis,Celms,Male,(978) 555-0184,None,sarmis@contoso.com,None,Services,Source_Data_Loader,2025-08-26 22:25:32.671411
CID-071,Business,SMB,1955-08-28,2019-11-21,True,Hana,Cermakova,Female,(209) 555-0168,None,hana@contoso.com,None,Sales,Source_Data_Loader,2025-08-26 22:25:32.671411
CID-072,Individual,Premium,1952-05-27,2019-11-25,True,Ivana,Cervenkova,Female,(419) 555-0179,None,ivana@contoso.com,None,Sales,Source_Data_Loader,2025-08-26 22:25:32.671411
CID-073,Individual,Standard,1927-09-05,2019-11-30,True,Hacer,Cetin,Female,(978) 555-0127,None,hacer@contoso.com,None,Sales,Source_Data_Loader,2025-08-26 22:25:32.671411
CID-074,Business,SMB,1945-10-28,2019-12-05,True,Alain,Charon,Male,(510) 555-0192,None,alain@contoso.com,None,Sales,Source_Data_Loader,2025-08-26 22:25:32.671411
CID-075,Business,SMB,1965-03-17,2019-12-09,True,Alexandre,Chauvin,Male,(667) 555-0175,None,alexandre@contoso.com,None,Sales,Source_Data_Loader,2025-08-26 22:25:32.671411
CID-076,Business,SMB,1987-02-15,2019-12-14,True,Josef,Cizek,Male,(463) 555-0129,None,josef@contoso.com,josef@fabrikam.com,Sales,Source_Data_Loader,2025-08-26 22:25:32.671411
CID-077,Business,SMB,1972-08-28,2019-12-18,True,Hailey,Clark,Female,(609) 555-0115,(865) 555-0297,hailey@contoso.com,None,Sales,Source_Data_Loader,2025-08-26 22:25:32.671411
CID-078,Individual,Standard,1982-05-08,2019-12-23,True,Bartomeu,Collelldemont,Male,(920) 555-0173,None,bartomeu@contoso.com,bartomeu@fabrikam.com,Sales,Source_Data_Loader,2025-08-26 22:25:32.671411
CID-079,Individual,Premium,1953-02-20,2019-12-28,True,Diego,Conticini,Male,(361) 555-0151,None,diego@contoso.com,None,Sales,Source_Data_Loader,2025-08-26 22:25:32.671411
CID-080,Individual,Standard,1970-12-21,2020-01-01,True,Hayden,Cook,Female,(518) 555-0136,None,hayden@contoso.com,None,Sales,Source_Data_Loader,2025-08-26 22:25:32.671411
CID-081,Business,SMB,1943-04-14,2020-01-06,False,Liane,Cormier,Female,(954) 555-0166,None,liane@contoso.com,None,Sales,Source_Data_Loader,2025-08-26 22:25:32.671411
CID-082,Individual,VIP,1969-07-17,2020-01-11,True,Pupetta,Costa,Female,(814) 555-0146,None,pupetta@contoso.com,None,Sales,Source_Data_Loader,2025-08-26 22:25:32.671411
CID-083,Individual,Premium,1979-04-09,2020-01-15,True,Gilbert,Coupart,Male,(931) 555-0176,(720) 555-0267,gilbert@contoso.com,gilbert@fabrikam.com,Sales,Source_Data_Loader,2025-08-26 22:25:32.671411
CID-084,Individual,Premium,1977-06-21,2020-01-20,True,Ingrid,Cranz,Female,(478) 555-0120,None,ingrid@contoso.com,None,Sales,Source_Data_Loader,2025-08-26 22:25:32.671411
CID-085,Individual,Standard,1975-08-11,2020-01-24,True,Maciej,Czarnecki,Male,(337) 555-0136,None,maciej@contoso.com,None,Sales,Source_Data_Loader,2025-08-26 22:25:32.671411
CID-086,Individual,Standard,1929-08-21,2020-01-29,True,Joanna,Dabrowska,Female,(251) 555-0154,(210) 555-0246,joanna@contoso.com,None,Sales,Source_Data_Loader,2025-08-26 22:25:32.671411
CID-087,Business,SMB,1981-06-11,2020-02-03,True,Mikolaj,Dabrowski,Male,(954) 555-0119,None,mikolaj@contoso.com,mikolaj@fabrikam.com,Sales,Source_Data_Loader,2025-08-26 22:25:32.671411
CID-088,Individual,Standard,1966-12-06,2020-02-07,True,Beca,Davies,Female,(947) 555-0169,(702) 555-0269,beca@contoso.com,None,Sales,Source_Data_Loader,2025-08-26 22:25:32.671411
CID-089,Business,SMB,1935-06-19,2020-02-12,True,Alain,Davignon,Male,(630) 555-0101,None,alain@contoso.com,alain@fabrikam.com,Sales,Source_Data_Loader,2025-08-26 22:25:32.671411
CID-090,Individual,Standard,1982-12-25,2020-02-17,True,Liam,Davis,Male,(808) 555-0115,None,liam@contoso.com,None,Services,Source_Data_Loader,2025-08-26 22:25:32.671411
CID-091,Individual,Standard,1984-06-22,2020-02-21,True,Benito,Dellucci,Male,(603) 555-0168,(339) 555-0253,benito@contoso.com,None,Sales,Source_Data_Loader,2025-08-26 22:25:32.671411
CID-092,Business,SMB,1966-10-08,2020-02-26,True,Merve,Demir,Female,(254) 555-0144,(239) 555-0246,merve@contoso.com,None,Services,Source_Data_Loader,2025-08-26 22:25:32.671411
CID-093,Business,SMB,1966-02-01,2020-03-02,True,Isabelle,Deniger,Female,(931) 555-0186,(712) 555-0254,isabelle@contoso.com,None,Sales,Source_Data_Loader,2025-08-26 22:25:32.671411
CID-094,Individual,Standard,1986-01-13,2020-03-06,True,Montserrat,Desriols,Female,(267) 555-0112,(334) 555-0229,montserrat@contoso.com,montserrat@fabrikam.com,Sales,Source_Data_Loader,2025-08-26 22:25:32.671411
CID-095,Business,SMB,1977-07-02,2020-03-11,True,Esteve,Desvalls,Male,(804) 555-0199,None,esteve@contoso.com,None,Sales,Source_Data_Loader,2025-08-26 22:25:32.671411
CID-096,Individual,Premium,1932-10-18,2020-03-15,True,Gabriel,Diaz,Male,(231) 555-0151,None,gabriel@contoso.com,None,Sales,Source_Data_Loader,2025-08-26 22:25:32.671411
CID-097,Individual,Premium,1957-07-12,2020-03-20,True,Vlasta,Divisova,Female,(817) 555-0118,None,vlasta@contoso.com,None,Services,Source_Data_Loader,2025-08-26 22:25:32.671411
CID-098,Individual,Standard,1988-03-27,2020-03-25,True,Fadime,Dogan,Female,(281) 555-0169,None,fadime@contoso.com,None,Sales,Source_Data_Loader,2025-08-26 22:25:32.671411
CID-099,Individual,Premium,1993-09-07,2020-03-29,True,Rene,Dolejsi,Female,(508) 555-0178,None,rene@contoso.com,None,Sales,Source_Data_Loader,2025-08-26 22:25:32.671411
CID-100,Individual,Premium,1958-02-12,2020-04-03,True,Albert,Dubois,Male,(606) 555-0108,None,albert@contoso.com,None,Sales,Source_Data_Loader,2025-08-26 22:25:32.671411
CID-101,Individual,Standard,1949-12-30,2020-04-08,True,Maciej,Dudek,Male,(970) 555-0103,None,maciej@contoso.com,None,Services,Source_Data_Loader,2025-08-26 22:25:32.671411
CID-102,Individual,VIP,1952-11-07,2020-04-12,True,Ewa,Dudzinska,Female,(314) 555-0181,None,ewa@contoso.com,None,Sales,Source_Data_Loader,2025-08-26 22:25:32.671411
CID-103,Individual,VIP,1983-04-06,2020-04-17,True,Daina,Dumina,Male,(206) 555-0119,None,daina@contoso.com,None,Sales,Source_Data_Loader,2025-08-26 22:25:32.671411
CID-104,Individual,Standard,1973-03-31,2020-04-21,False,Laimonis,Dumins,Male,(530) 555-0174,None,laimonis@contoso.com,None,Sales,Source_Data_Loader,2025-08-26 22:25:32.671411
CID-105,Government,Local,1957-11-18,2020-04-26,True,Audrey,Dumoulin,Female,(631) 555-0121,None,audrey@contoso.com,None,Services,Source_Data_Loader,2025-08-26 22:25:32.671411
CID-106,Individual,Premium,1976-12-13,2020-05-01,True,Coralie,Duperre,Female,(972) 555-0176,None,coralie@contoso.com,None,Sales,Source_Data_Loader,2025-08-26 22:25:32.671411
CID-107,Individual,Premium,1948-10-19,2020-05-05,True,Aline,Dupuy,Female,(571) 555-0194,None,aline@contoso.com,aline@fabrikam.com,Sales,Source_Data_Loader,2025-08-26 22:25:32.671411
CID-108,Business,SMB,1942-08-29,2020-05-10,True,Dominique,Dutertre,Male,(567) 555-0167,None,dominique@contoso.com,None,Sales,Source_Data_Loader,2025-08-26 22:25:32.671411
CID-109,Individual,Standard,1967-03-12,2020-05-15,True,Zdenek,Dvorak,Male,(605) 555-0193,(321) 555-0243,zdenek@contoso.com,None,Sales,Source_Data_Loader,2025-08-26 22:25:32.671411
CID-110,Individual,Standard,1981-03-22,2020-05-19,True,Niks,Dzenis,Female,(619) 555-0134,(505) 555-0200,niks@contoso.com,None,Sales,Source_Data_Loader,2025-08-26 22:25:32.671411
CID-111,Individual,Premium,1958-11-03,2020-05-24,True,Logan,Edwards,Male,(716) 555-0130,None,logan@contoso.com,None,Services,Source_Data_Loader,2025-08-26 22:25:32.671411
CID-112,Individual,Premium,1948-03-29,2020-05-29,True,Simons,Eglitis,Female,(432) 555-0152,None,simons@contoso.com,None,Sales,Source_Data_Loader,2025-08-26 22:25:32.671411
CID-113,Government,Local,1984-01-07,2020-06-02,True,Werner,Eitner,Male,(970) 555-0165,(702) 555-0200,werner@contoso.com,None,Services,Source_Data_Loader,2025-08-26 22:25:32.671411
CID-114,Business,SMB,1969-05-31,2020-06-07,True,Daniel,Elfyn,Male,(714) 555-0109,(218) 555-0260,daniel@contoso.com,None,Sales,Source_Data_Loader,2025-08-26 22:25:32.671411
CID-115,Individual,Premium,1975-04-05,2020-06-11,True,Bethan,Elis,Female,(559) 555-0165,None,bethan@contoso.com,None,Sales,Source_Data_Loader,2025-08-26 22:25:32.671411
CID-116,Business,SMB,1955-04-28,2020-06-16,True,Turgay,Elmas,Male,(929) 555-0195,(339) 555-0299,turgay@contoso.com,None,Sales,Source_Data_Loader,2025-08-26 22:25:32.671411
CID-117,Business,SMB,1950-03-09,2020-06-21,True,Elke,Endemann,Female,(601) 555-0115,None,elke@contoso.com,elke@fabrikam.com,Sales,Source_Data_Loader,2025-08-26 22:25:32.671411
CID-118,Individual,Premium,1946-02-04,2020-06-25,True,YishaK,Epherem,Male,(859) 555-0130,None,yishak@contoso.com,None,Sales,Source_Data_Loader,2025-08-26 22:25:32.671411
CID-119,Business,Premier,1965-04-06,2020-06-30,True,Tatjana,Erjavec,Female,(479) 555-0187,None,tatjana@contoso.com,tatjana@fabrikam.com,Services,Source_Data_Loader,2025-08-26 22:25:32.671411
CID-120,Individual,Premium,1948-03-26,2020-07-05,True,Quarantino,Esposito,Male,(551) 555-0110,None,quarantino@contoso.com,None,Sales,Source_Data_Loader,2025-08-26 22:25:32.671411
CID-121,Business,SMB,1934-03-13,2020-07-09,True,Jamie,Evans,Female,(205) 555-0170,(480) 555-0278,jamie@contoso.com,None,Services,Source_Data_Loader,2025-08-26 22:25:32.671411
CID-122,Business,SMB,1978-01-03,2020-07-14,True,Giselle,Faber,Female,(432) 555-0180,None,giselle@contoso.com,None,Sales,Source_Data_Loader,2025-08-26 22:25:32.671411
CID-123,Individual,Standard,1963-07-10,2020-07-18,True,Giorgia,Fanucci,Female,(810) 555-0174,None,giorgia@contoso.com,None,Sales,Source_Data_Loader,2025-08-26 22:25:32.671411
CID-124,Individual,Premium,1985-02-23,2020-07-23,True,Amleset,Fitwi,Female,(310) 555-0191,None,amleset@contoso.com,None,Sales,Source_Data_Loader,2025-08-26 22:25:32.671411
CID-125,Individual,Standard,1961-09-30,2020-07-28,True,Annette,Flamand,Female,(704) 555-0170,None,annette@contoso.com,None,Sales,Source_Data_Loader,2025-08-26 22:25:32.671411
CID-126,Individual,Standard,1952-08-07,2020-08-01,True,Elizabeth,Flores,Female,(478) 555-0123,None,elizabeth@contoso.com,None,Sales,Source_Data_Loader,2025-08-26 22:25:32.671411
CID-127,Business,SMB,1997-07-06,2020-08-06,True,Sara,Folgueroles,Female,(909) 555-0118,None,sara@contoso.com,None,Sales,Source_Data_Loader,2025-08-26 22:25:32.671411
CID-128,Business,SMB,1974-09-28,2020-08-11,True,Carme,Fontbernat,Female,(985) 555-0149,(407) 555-0211,carme@contoso.com,None,Sales,Source_Data_Loader,2025-08-26 22:25:32.671411
CID-129,Individual,Standard,1962-05-31,2020-08-15,True,Michal,Formanek,Male,(657) 555-0174,None,michal@contoso.com,None,Sales,Source_Data_Loader,2025-08-26 22:25:32.671411
CID-130,Individual,Standard,1987-08-04,2020-08-20,True,Renata,Fuchsova,Female,(725) 555-0111,None,renata@contoso.com,None,Sales,Source_Data_Loader,2025-08-26 22:25:32.671411
CID-131,Individual,Standard,1931-11-10,2020-08-25,True,Isabel,Garcia,Female,(725) 555-0126,None,isabel@contoso.com,None,Sales,Source_Data_Loader,2025-08-26 22:25:32.671411
CID-132,Individual,Standard,1985-10-29,2020-08-29,True,Amelie,Garner,Female,(706) 555-0165,(323) 555-0269,amelie@contoso.com,None,Sales,Source_Data_Loader,2025-08-26 22:25:32.671411
CID-133,Individual,VIP,1969-09-01,2020-09-03,True,Niklas,Gasper,Male,(601) 555-0101,None,niklas@contoso.com,None,Services,Source_Data_Loader,2025-08-26 22:25:32.671411
CID-134,Individual,Premium,1991-11-12,2020-09-07,True,Hiwot,Gebre Gergis,Female,(706) 555-0129,(435) 555-0222,hiwot@contoso.com,None,Sales,Source_Data_Loader,2025-08-26 22:25:32.671411
CID-135,Government,State,1979-12-25,2020-09-12,True,Aberehet,Gebre Tsadik,Female,(410) 555-0137,None,aberehet@contoso.com,None,Services,Source_Data_Loader,2025-08-26 22:25:32.671411
CID-136,Individual,Premium,1952-05-12,2020-09-17,True,Lelia,Genovese,Female,(952) 555-0124,(307) 555-0226,lelia@contoso.com,None,Sales,Source_Data_Loader,2025-08-26 22:25:32.671411
CID-137,Individual,Premium,1950-08-12,2020-09-21,True,Wolde Mariam,Girmay,Male,(434) 555-0109,None,wolde mariam@contoso.com,None,Sales,Source_Data_Loader,2025-08-26 22:25:32.671411
CID-138,Business,SMB,1952-06-12,2020-09-26,True,Meaza,Goitom,Female,(985) 555-0196,(484) 555-0254,meaza@contoso.com,None,Sales,Source_Data_Loader,2025-08-26 22:25:32.671411
CID-139,Individual,Premium,1979-02-14,2020-10-01,True,Milan,Golob,Male,(304) 555-0146,None,milan@contoso.com,None,Services,Source_Data_Loader,2025-08-26 22:25:32.671411
CID-140,Government,State,1962-04-26,2020-10-05,True,Mateo,Gomez,Male,(860) 555-0179,None,mateo@contoso.com,None,Services,Source_Data_Loader,2025-08-26 22:25:32.671411
CID-141,Government,State,1964-06-05,2020-10-10,True,Aaron,Gonzales,Male,(843) 555-0121,(319) 555-0296,aaron@contoso.com,None,Services,Source_Data_Loader,2025-08-26 22:25:32.671411
CID-142,Individual,Standard,1941-01-17,2020-10-14,True,Kasper,Graf,Male,(712) 555-0183,None,kasper@contoso.com,None,Sales,Source_Data_Loader,2025-08-26 22:25:32.671411
CID-143,Individual,Standard,1987-10-20,2020-10-19,True,Fiamma,Greco,Female,(856) 555-0126,None,fiamma@contoso.com,None,Sales,Source_Data_Loader,2025-08-26 22:25:32.671411
CID-144,Individual,Standard,1922-11-11,2020-10-24,True,Manon,Griffiths,Female,(303) 555-0179,None,manon@contoso.com,None,Sales,Source_Data_Loader,2025-08-26 22:25:32.671411
CID-145,Individual,Standard,1974-02-25,2020-10-28,True,Jacqueline,Grondin,Female,(626) 555-0131,None,jacqueline@contoso.com,None,Sales,Source_Data_Loader,2025-08-26 22:25:32.671411
CID-146,Individual,Premium,1952-11-18,2020-11-02,False,Marta,Guanyavents,Female,(417) 555-0165,None,marta@contoso.com,marta@fabrikam.com,Sales,Source_Data_Loader,2025-08-26 22:25:32.671411
CID-147,Individual,Premium,1961-04-23,2020-11-07,True,Louisa,Guenther,Female,(214) 555-0139,None,louisa@contoso.com,None,Sales,Source_Data_Loader,2025-08-26 22:25:32.671411
CID-148,Individual,Standard,1954-04-16,2020-11-11,False,Charlie,Guibord,Male,(380) 555-0175,None,charlie@contoso.com,None,Sales,Source_Data_Loader,2025-08-26 22:25:32.671411
CID-149,Individual,VIP,1923-08-18,2020-11-16,True,Ayse,Guler,Female,(740) 555-0109,None,ayse@contoso.com,None,Sales,Source_Data_Loader,2025-08-26 22:25:32.671411
CID-150,Individual,Premium,1991-06-05,2020-11-20,True,Meltem,Gumus,Female,(812) 555-0147,None,meltem@contoso.com,None,Services,Source_Data_Loader,2025-08-26 22:25:32.671411
CID-151,Government,Local,1931-02-01,2020-11-25,True,Faruk,Gunes,Male,(934) 555-0138,None,faruk@contoso.com,None,Services,Source_Data_Loader,2025-08-26 22:25:32.671411
CID-152,Individual,Standard,1973-11-10,2020-11-30,True,Halit,Gungor,Male,(330) 555-0165,None,halit@contoso.com,None,Sales,Source_Data_Loader,2025-08-26 22:25:32.671411
CID-153,Individual,Standard,1981-01-26,2020-12-04,True,Killian,Gunther,Male,(518) 555-0135,None,killian@contoso.com,None,Sales,Source_Data_Loader,2025-08-26 22:25:32.671411
CID-154,Individual,Standard,1959-01-12,2020-12-09,True,Tito,Guzm√°n,Male,(619) 555-0156,None,tito@contoso.com,None,Sales,Source_Data_Loader,2025-08-26 22:25:32.671411
CID-155,Government,Local,1974-04-01,2020-12-14,True,Renata,Hall,Female,(404) 555-0165,None,renata@contoso.com,renata@fabrikam.com,Services,Source_Data_Loader,2025-08-26 22:25:32.671411
CID-156,Individual,Standard,1968-05-16,2020-12-18,True,Frantisek,Hanak,Male,(954) 555-0114,None,frantisek@contoso.com,None,Sales,Source_Data_Loader,2025-08-26 22:25:32.671411
CID-157,Individual,Standard,1973-12-02,2020-12-23,True,Jacob,Hancock,Male,(214) 555-0127,None,jacob@contoso.com,None,Sales,Source_Data_Loader,2025-08-26 22:25:32.671411
CID-158,Business,SMB,1940-09-01,2020-12-28,True,Daniela,Hanzlova,Female,(520) 555-0123,None,daniela@contoso.com,None,Sales,Source_Data_Loader,2025-08-26 22:25:32.671411
CID-159,Individual,VIP,1951-09-21,2021-01-01,True,Libby,Harrison,Female,(501) 555-0177,None,libby@contoso.com,libby@fabrikam.com,Sales,Source_Data_Loader,2025-08-26 22:25:32.671411
CID-160,Business,SMB,1958-11-04,2021-01-06,True,Maja,Hartmann,Female,(603) 555-0187,None,maja@contoso.com,None,Sales,Source_Data_Loader,2025-08-26 22:25:32.671411
CID-161,Individual,Premium,1961-04-06,2021-01-10,False,Marta,Havrankova,Female,(626) 555-0157,None,marta@contoso.com,None,Sales,Source_Data_Loader,2025-08-26 22:25:32.671411
CID-162,Individual,Standard,1965-02-13,2021-01-15,True,Hannah,Haynes,Female,(608) 555-0169,None,hannah@contoso.com,None,Sales,Source_Data_Loader,2025-08-26 22:25:32.671411
CID-163,Individual,VIP,1980-11-01,2021-01-20,True,Josephine,Hebert,Female,(270) 555-0144,(435) 555-0273,josephine@contoso.com,josephine@fabrikam.com,Sales,Source_Data_Loader,2025-08-26 22:25:32.671411
CID-164,Individual,Standard,1992-09-21,2021-01-24,True,Jule,Heinrich,Female,(231) 555-0177,None,jule@contoso.com,None,Sales,Source_Data_Loader,2025-08-26 22:25:32.671411
CID-165,Individual,Standard,1987-10-07,2021-01-29,True,Detlef,Hembrock,Male,(540) 555-0179,None,detlef@contoso.com,None,Services,Source_Data_Loader,2025-08-26 22:25:32.671411
CID-166,Business,Partner,1980-12-29,2021-02-03,True,Felix,Henderson,Male,(786) 555-0195,None,felix@contoso.com,None,Sales,Source_Data_Loader,2025-08-26 22:25:32.671411
CID-167,Individual,VIP,1950-01-03,2021-02-07,True,Briana,Hernandez,Female,(630) 555-0119,None,briana@contoso.com,None,Sales,Source_Data_Loader,2025-08-26 22:25:32.671411
CID-168,Individual,Premium,1973-11-03,2021-02-12,True,Coralie,Hetu,Female,(224) 555-0137,None,coralie@contoso.com,None,Sales,Source_Data_Loader,2025-08-26 22:25:32.671411
CID-169,Individual,Standard,1985-10-02,2021-02-16,True,Ana,Hocevar,Female,(725) 555-0122,None,ana@contoso.com,None,Services,Source_Data_Loader,2025-08-26 22:25:32.671411
CID-170,Individual,Standard,1996-05-26,2021-02-21,True,Vaclav,Holy,Male,(517) 555-0115,None,vaclav@contoso.com,vaclav@fabrikam.com,Sales,Source_Data_Loader,2025-08-26 22:25:32.671411
CID-171,Individual,Premium,1944-06-28,2021-02-26,True,Tereza,Horackova,Female,(714) 555-0168,None,tereza@contoso.com,None,Sales,Source_Data_Loader,2025-08-26 22:25:32.671411
CID-172,Individual,VIP,1973-09-12,2021-03-02,True,Janez,Horvat,Male,(607) 555-0177,(714) 555-0257,janez@contoso.com,janez@fabrikam.com,Sales,Source_Data_Loader,2025-08-26 22:25:32.671411
CID-173,Individual,Premium,1951-05-15,2021-03-07,True,Karel,Hovorka,Male,(817) 555-0194,(978) 555-0270,karel@contoso.com,None,Sales,Source_Data_Loader,2025-08-26 22:25:32.671411
CID-174,Individual,Premium,1984-11-16,2021-03-12,True,Avery,Howard,Female,(762) 555-0169,None,avery@contoso.com,None,Sales,Source_Data_Loader,2025-08-26 22:25:32.671411
CID-175,Individual,Standard,1953-02-12,2021-03-16,True,Jarmila,Hrdlickova,Female,(414) 555-0113,(937) 555-0262,jarmila@contoso.com,None,Sales,Source_Data_Loader,2025-08-26 22:25:32.671411
CID-176,Individual,Premium,1933-05-23,2021-03-21,True,Aljosa,Hribar,Female,(734) 555-0145,None,aljosa@contoso.com,aljosa@fabrikam.com,Sales,Source_Data_Loader,2025-08-26 22:25:32.671411
CID-177,Individual,Standard,1983-05-28,2021-03-26,True,Andreja,Hrovat,Female,(970) 555-0114,None,andreja@contoso.com,None,Sales,Source_Data_Loader,2025-08-26 22:25:32.671411
CID-178,Individual,Standard,1942-11-19,2021-03-30,True,Jose,Huaman,Male,(307) 555-0116,None,jose@contoso.com,None,Sales,Source_Data_Loader,2025-08-26 22:25:32.671411
CID-179,Government,Local,1978-06-19,2021-04-04,True,Shawn,Hughes,Male,(650) 555-0153,None,shawn@contoso.com,None,Services,Source_Data_Loader,2025-08-26 22:25:32.671411
CID-180,Individual,Premium,1995-05-20,2021-04-08,True,Aidan,Hunt,Male,(307) 555-0197,(303) 555-0244,aidan@contoso.com,aidan@fabrikam.com,Sales,Source_Data_Loader,2025-08-26 22:25:32.671411
CID-181,Individual,Standard,1970-12-03,2021-04-13,True,Cai,Huws,Male,(910) 555-0126,None,cai@contoso.com,cai@fabrikam.com,Sales,Source_Data_Loader,2025-08-26 22:25:32.671411
CID-182,Individual,Standard,1957-04-30,2021-04-18,False,Vlastimil,Hybl,Male,(470) 555-0177,(435) 555-0216,vlastimil@contoso.com,None,Services,Source_Data_Loader,2025-08-26 22:25:32.671411
CID-183,Government,State,1950-04-26,2021-04-22,True,Gerolamo,Iadanza,Male,(305) 555-0196,(559) 555-0295,gerolamo@contoso.com,None,Services,Source_Data_Loader,2025-08-26 22:25:32.671411
CID-184,Business,SMB,1988-07-31,2021-04-27,True,Christiane,Ingenpass,Female,(859) 555-0130,None,christiane@contoso.com,None,Sales,Source_Data_Loader,2025-08-26 22:25:32.671411
CID-185,Individual,Premium,1960-07-31,2021-05-02,True,Jessie,Irwin,Male,(929) 555-0191,(571) 555-0267,jessie@contoso.com,jessie@fabrikam.com,Sales,Source_Data_Loader,2025-08-26 22:25:32.671411
CID-186,Individual,Standard,1957-10-24,2021-05-06,True,Anthony,Ivanov,Male,(409) 555-0153,None,anthony@contoso.com,None,Sales,Source_Data_Loader,2025-08-26 22:25:32.671411
CID-187,Business,SMB,1942-06-07,2021-05-11,True,Abigail,Jackson,Female,(717) 555-0186,(430) 555-0239,abigail@contoso.com,None,Services,Source_Data_Loader,2025-08-26 22:25:32.671411
CID-188,Individual,Premium,1955-08-13,2021-05-15,True,Alena,Jankova,Female,(970) 555-0139,None,alena@contoso.com,None,Sales,Source_Data_Loader,2025-08-26 22:25:32.671411
CID-189,Individual,Standard,1986-07-22,2021-05-20,False,Nikola,Janu,Male,(870) 555-0183,(707) 555-0228,nikola@contoso.com,None,Sales,Source_Data_Loader,2025-08-26 22:25:32.671411
CID-190,Individual,Standard,1977-12-09,2021-05-25,True,Hannah,Jarvis,Female,(973) 555-0104,None,hannah@contoso.com,hannah@fabrikam.com,Sales,Source_Data_Loader,2025-08-26 22:25:32.671411
CID-191,Individual,Standard,1984-10-24,2021-05-29,False,Hanna,Jasinska,Female,(740) 555-0128,None,hanna@contoso.com,hanna@fabrikam.com,Sales,Source_Data_Loader,2025-08-26 22:25:32.671411
CID-192,Business,SMB,1957-08-24,2021-06-03,True,Aira,Jaunzema,Female,(432) 555-0121,(773) 555-0244,aira@contoso.com,aira@fabrikam.com,Sales,Source_Data_Loader,2025-08-26 22:25:32.671411
CID-193,Government,Federal,1973-11-05,2021-06-08,True,Irena,Jaworska,Female,(802) 555-0188,None,irena@contoso.com,None,Services,Source_Data_Loader,2025-08-26 22:25:32.671411
CID-194,Individual,Standard,1975-03-04,2021-06-12,True,Casey,Jensen,Male,(364) 555-0100,None,casey@contoso.com,casey@fabrikam.com,Sales,Source_Data_Loader,2025-08-26 22:25:32.671411
CID-195,Individual,Premium,1989-09-18,2021-06-17,False,Alenka,Jereb,Female,(773) 555-0143,None,alenka@contoso.com,None,Sales,Source_Data_Loader,2025-08-26 22:25:32.671411
CID-196,Individual,Standard,1989-01-23,2021-06-22,True,Tanja,Jerman,Female,(434) 555-0174,None,tanja@contoso.com,None,Sales,Source_Data_Loader,2025-08-26 22:25:32.671411
CID-197,Business,Premier,1952-01-03,2021-06-26,True,Riley,Johnson,Male,(318) 555-0187,None,riley@contoso.com,None,Sales,Source_Data_Loader,2025-08-26 22:25:32.671411
CID-198,Business,Premier,1966-07-21,2021-07-01,True,Natasha,Jones,Female,(318) 555-0189,None,natasha@contoso.com,None,Sales,Source_Data_Loader,2025-08-26 22:25:32.671411
CID-199,Business,SMB,1951-05-15,2021-07-05,True,Karl,Kadenbach,Male,(218) 555-0198,None,karl@contoso.com,None,Sales,Source_Data_Loader,2025-08-26 22:25:32.671411
CID-200,Business,SMB,1992-11-10,2021-07-10,True,Jacek,Kalinowski,Male,(228) 555-0145,None,jacek@contoso.com,None,Sales,Source_Data_Loader,2025-08-26 22:25:32.671411
CID-201,Individual,Standard,1986-09-30,2021-07-15,True,Daniela,Kanepa,Female,(720) 555-0157,(405) 555-0226,daniela@contoso.com,daniela@fabrikam.com,Sales,Source_Data_Loader,2025-08-26 22:25:32.671411
CID-202,Individual,Standard,1964-07-21,2021-07-19,True,Niklavs,Kaneps,Male,(502) 555-0100,None,niklavs@contoso.com,None,Services,Source_Data_Loader,2025-08-26 22:25:32.671411
CID-203,Individual,VIP,1957-06-29,2021-07-24,True,Havva,Kara,Female,(724) 555-0128,(225) 555-0289,havva@contoso.com,None,Sales,Source_Data_Loader,2025-08-26 22:25:32.671411
CID-204,Business,Premier,1950-11-07,2021-07-29,True,Pinar,Karaca,Female,(209) 555-0128,None,pinar@contoso.com,None,Sales,Source_Data_Loader,2025-08-26 22:25:32.671411
CID-205,Individual,VIP,1953-03-04,2021-08-02,True,Gregor,Kastelic,Male,(503) 555-0150,None,gregor@contoso.com,None,Sales,Source_Data_Loader,2025-08-26 22:25:32.671411
CID-206,Individual,Standard,1957-07-13,2021-08-07,True,Ilga,Kaulina,Male,(623) 555-0102,None,ilga@contoso.com,None,Sales,Source_Data_Loader,2025-08-26 22:25:32.671411
CID-207,Individual,Premium,1959-05-01,2021-08-11,True,Rok,Kavcic,Male,(715) 555-0134,None,rok@contoso.com,None,Sales,Source_Data_Loader,2025-08-26 22:25:32.671411
CID-208,Individual,VIP,1990-08-01,2021-08-16,True,Ibrahim,Kaya,Male,(731) 555-0190,None,ibrahim@contoso.com,None,Sales,Source_Data_Loader,2025-08-26 22:25:32.671411
CID-209,Individual,Standard,1958-07-04,2021-08-21,True,Faruk,Keskin,Male,(757) 555-0183,None,faruk@contoso.com,None,Sales,Source_Data_Loader,2025-08-26 22:25:32.671411
CID-210,Individual,Standard,1997-12-05,2021-08-25,True,Xaver,Kiefer,Male,(484) 555-0119,None,xaver@contoso.com,xaver@fabrikam.com,Services,Source_Data_Loader,2025-08-26 22:25:32.671411
CID-211,Individual,Premium,1967-05-08,2021-08-30,True,Ramazan,Kilic,Male,(380) 555-0138,None,ramazan@contoso.com,None,Sales,Source_Data_Loader,2025-08-26 22:25:32.671411
CID-212,Individual,Premium,1949-03-22,2021-09-04,True,Madison,Kim,Female,(909) 555-0118,None,madison@contoso.com,None,Sales,Source_Data_Loader,2025-08-26 22:25:32.671411
CID-213,Individual,Premium,1996-06-06,2021-09-08,True,Adrian,King,Female,(464) 555-0190,None,adrian@contoso.com,None,Sales,Source_Data_Loader,2025-08-26 22:25:32.671411
CID-214,Individual,Standard,1955-02-06,2021-09-13,True,William,Kirby,Male,(661) 555-0142,None,william@contoso.com,None,Sales,Source_Data_Loader,2025-08-26 22:25:32.671411
CID-215,Business,Premier,1965-07-30,2021-09-18,True,Beatrise,Klavina,Female,(580) 555-0112,None,beatrise@contoso.com,None,Sales,Source_Data_Loader,2025-08-26 22:25:32.671411
CID-216,Individual,Standard,1977-12-26,2021-09-22,True,Berend,Klein,Male,(715) 555-0156,None,berend@contoso.com,berend@fabrikam.com,Sales,Source_Data_Loader,2025-08-26 22:25:32.671411
CID-217,Individual,Standard,1933-09-23,2021-09-27,True,Mojca,Klemencic,Female,(413) 555-0191,None,mojca@contoso.com,None,Services,Source_Data_Loader,2025-08-26 22:25:32.671411
CID-218,Business,SMB,1969-09-23,2021-10-01,True,Friedrich,Knerich,Male,(316) 555-0152,None,friedrich@contoso.com,None,Sales,Source_Data_Loader,2025-08-26 22:25:32.671411
CID-219,Individual,Premium,1982-12-08,2021-10-06,True,Jozefa,Knez,Female,(305) 555-0182,None,jozefa@contoso.com,None,Sales,Source_Data_Loader,2025-08-26 22:25:32.671411
CID-220,Business,Premier,1983-07-28,2021-10-11,True,Carla,Kobusch,Female,(737) 555-0141,None,carla@contoso.com,carla@fabrikam.com,Sales,Source_Data_Loader,2025-08-26 22:25:32.671411
CID-221,Individual,Premium,1924-05-20,2021-10-15,True,Mahmut,Koc,Male,(848) 555-0125,None,mahmut@contoso.com,None,Sales,Source_Data_Loader,2025-08-26 22:25:32.671411
CID-222,Individual,Standard,1934-01-25,2021-10-20,True,Dominique,Koch,Male,(402) 555-0127,None,dominique@contoso.com,None,Sales,Source_Data_Loader,2025-08-26 22:25:32.671411
CID-223,Individual,VIP,1979-06-22,2021-10-25,True,Vlasta,Koci,Female,(571) 555-0119,None,vlasta@contoso.com,None,Sales,Source_Data_Loader,2025-08-26 22:25:32.671411
CID-224,Individual,Standard,1960-01-21,2021-10-29,True,Lilly,Koenig,Female,(772) 555-0138,None,lilly@contoso.com,None,Sales,Source_Data_Loader,2025-08-26 22:25:32.671411
CID-225,Individual,Premium,1961-04-02,2021-11-03,True,Eggert,Kohler,Male,(918) 555-0178,None,eggert@contoso.com,eggert@fabrikam.com,Sales,Source_Data_Loader,2025-08-26 22:25:32.671411
CID-226,Individual,Standard,1963-01-23,2021-11-07,True,Tomas,Kohout,Male,(917) 555-0125,(916) 555-0279,tomas@contoso.com,None,Sales,Source_Data_Loader,2025-08-26 22:25:32.671411
CID-227,Government,Local,1997-09-21,2021-11-12,True,Marija,Kolar,Female,(304) 555-0126,None,marija@contoso.com,None,Services,Source_Data_Loader,2025-08-26 22:25:32.671411
CID-228,Individual,Premium,1990-01-11,2021-11-17,True,Petr,Konecny,Male,(213) 555-0137,None,petr@contoso.com,None,Sales,Source_Data_Loader,2025-08-26 22:25:32.671411
CID-229,Business,SMB,1976-10-04,2021-11-21,True,Vera,Kopecka,Female,(440) 555-0142,None,vera@contoso.com,None,Sales,Source_Data_Loader,2025-08-26 22:25:32.671411
CID-230,Individual,Premium,1993-03-22,2021-11-26,True,Irena,Koren,Female,(931) 555-0163,None,irena@contoso.com,irena@fabrikam.com,Sales,Source_Data_Loader,2025-08-26 22:25:32.671411
CID-231,Business,SMB,1977-12-05,2021-12-01,True,Safak,Korkmaz,Male,(816) 555-0141,None,safak@contoso.com,None,Services,Source_Data_Loader,2025-08-26 22:25:32.671411
CID-232,Individual,Standard,1987-01-10,2021-12-05,True,Stanislav,Korosec,Male,(803) 555-0164,None,stanislav@contoso.com,None,Sales,Source_Data_Loader,2025-08-26 22:25:32.671411
CID-233,Individual,VIP,1954-03-30,2021-12-10,True,Jozi,Kos,Male,(818) 555-0171,(614) 555-0289,jozi@contoso.com,None,Sales,Source_Data_Loader,2025-08-26 22:25:32.671411
CID-234,Individual,Standard,1969-06-03,2021-12-14,True,Maja,Kosir,Female,(316) 555-0146,None,maja@contoso.com,None,Sales,Source_Data_Loader,2025-08-26 22:25:32.671411
CID-235,Individual,Premium,1947-09-15,2021-12-19,True,Robert,Kotnik,Male,(913) 555-0110,None,robert@contoso.com,None,Sales,Source_Data_Loader,2025-08-26 22:25:32.671411
CID-236,Business,Partner,1997-11-02,2021-12-24,True,Andrej,Kovac,Male,(614) 555-0111,(773) 555-0262,andrej@contoso.com,None,Sales,Source_Data_Loader,2025-08-26 22:25:32.671411
CID-237,Individual,Premium,1985-04-18,2021-12-28,True,Anton,Kovacic,Male,(315) 555-0136,(351) 555-0225,anton@contoso.com,anton@fabrikam.com,Sales,Source_Data_Loader,2025-08-26 22:25:32.671411
CID-238,Individual,Standard,1974-02-25,2022-01-02,True,Adrian,Kowalczyk,Male,(309) 555-0152,None,adrian@contoso.com,None,Sales,Source_Data_Loader,2025-08-26 22:25:32.671411
CID-239,Individual,VIP,1966-04-14,2022-01-07,True,Beata,Kowalska,Female,(415) 555-0179,None,beata@contoso.com,None,Services,Source_Data_Loader,2025-08-26 22:25:32.671411
CID-240,Individual,Premium,1983-06-14,2022-01-11,True,Zdenka,Kozakova,Female,(919) 555-0188,None,zdenka@contoso.com,None,Services,Source_Data_Loader,2025-08-26 22:25:32.671411
CID-241,Government,Local,1996-03-09,2022-01-16,True,Jan,Kozlowski,Male,(510) 555-0153,None,jan@contoso.com,None,Services,Source_Data_Loader,2025-08-26 22:25:32.671411
CID-242,Government,Local,1986-05-02,2022-01-21,True,Ivan,Krajnc,Male,(508) 555-0103,None,ivan@contoso.com,None,Services,Source_Data_Loader,2025-08-26 22:25:32.671411
CID-243,Government,State,1965-04-25,2022-01-25,True,Branko,Kralj,Male,(386) 555-0195,None,branko@contoso.com,None,Services,Source_Data_Loader,2025-08-26 22:25:32.671411
CID-244,Individual,Premium,1954-12-12,2022-01-30,True,Elsa,Kramer,Female,(208) 555-0110,(440) 555-0225,elsa@contoso.com,None,Sales,Source_Data_Loader,2025-08-26 22:25:32.671411
CID-245,Individual,Premium,1933-04-18,2022-02-03,True,Edna,Krastina,Female,(781) 555-0144,None,edna@contoso.com,None,Sales,Source_Data_Loader,2025-08-26 22:25:32.671411
CID-246,Government,Federal,1993-11-30,2022-02-08,True,Ralf,Krause,Male,(940) 555-0127,None,ralf@contoso.com,None,Services,Source_Data_Loader,2025-08-26 22:25:32.671411
CID-247,Individual,Premium,1976-03-31,2022-02-13,True,Joanna,Krawczyk,Female,(831) 555-0156,(830) 555-0272,joanna@contoso.com,joanna@fabrikam.com,Sales,Source_Data_Loader,2025-08-26 22:25:32.671411
CID-248,Government,Local,1980-02-10,2022-02-17,True,Alex,Krejci,Female,(248) 555-0124,None,alex@contoso.com,None,Services,Source_Data_Loader,2025-08-26 22:25:32.671411
CID-249,Government,Local,1988-02-29,2022-02-22,True,Ella,Kreslina,Male,(318) 555-0128,None,ella@contoso.com,ella@fabrikam.com,Services,Source_Data_Loader,2025-08-26 22:25:32.671411
CID-250,Business,SMB,1984-09-23,2022-02-27,True,Agrita,Krieva,Male,(630) 555-0113,None,agrita@contoso.com,None,Sales,Source_Data_Loader,2025-08-26 22:25:32.671411
CID-251,Individual,Premium,1964-05-09,2022-03-03,True,Darta,Krievina,Male,(269) 555-0129,(559) 555-0283,darta@contoso.com,None,Sales,Source_Data_Loader,2025-08-26 22:25:32.671411
CID-252,Individual,Standard,1953-03-07,2022-03-08,True,Ronalds,Krievins,Male,(929) 555-0166,None,ronalds@contoso.com,None,Sales,Source_Data_Loader,2025-08-26 22:25:32.671411
CID-253,Business,SMB,1966-04-04,2022-03-12,True,Heiko,Krueger,Male,(765) 555-0129,None,heiko@contoso.com,None,Sales,Source_Data_Loader,2025-08-26 22:25:32.671411
CID-254,Individual,Premium,1929-05-07,2022-03-17,True,Beatrise,Kruze,Female,(425) 555-0144,None,beatrise@contoso.com,None,Sales,Source_Data_Loader,2025-08-26 22:25:32.671411
CID-255,Individual,VIP,1970-04-04,2022-03-22,True,Ondrej,Kubat,Male,(405) 555-0188,None,ondrej@contoso.com,ondrej@fabrikam.com,Sales,Source_Data_Loader,2025-08-26 22:25:32.671411
CID-256,Individual,Standard,1960-02-05,2022-03-26,True,Marcela,Kubatova,Female,(478) 555-0146,None,marcela@contoso.com,None,Services,Source_Data_Loader,2025-08-26 22:25:32.671411
CID-257,Government,State,1964-07-27,2022-03-31,True,Adrianna,Kucharska,Female,(704) 555-0163,None,adrianna@contoso.com,None,Services,Source_Data_Loader,2025-08-26 22:25:32.671411
CID-258,Individual,Standard,1985-07-05,2022-04-05,True,Andrzej,Kucharski,Male,(860) 555-0137,None,andrzej@contoso.com,None,Sales,Source_Data_Loader,2025-08-26 22:25:32.671411
CID-259,Individual,Premium,1994-07-02,2022-04-09,True,Franciska,Kuhar,Female,(414) 555-0188,None,franciska@contoso.com,None,Sales,Source_Data_Loader,2025-08-26 22:25:32.671411
CID-260,Individual,Standard,1978-06-06,2022-04-14,True,Alida,Kundzina,Female,(208) 555-0121,None,alida@contoso.com,None,Sales,Source_Data_Loader,2025-08-26 22:25:32.671411
CID-261,Individual,Standard,1989-07-26,2022-04-19,True,Conrad,Kutzsche,Male,(770) 555-0140,None,conrad@contoso.com,None,Sales,Source_Data_Loader,2025-08-26 22:25:32.671411
CID-262,Government,State,1994-01-13,2022-04-23,True,Hanna,Kwiatkowska,Female,(573) 555-0156,(224) 555-0211,hanna@contoso.com,None,Services,Source_Data_Loader,2025-08-26 22:25:32.671411
CID-263,Individual,Standard,1949-05-21,2022-04-28,False,Maureen,Labrecque,Female,(816) 555-0190,None,maureen@contoso.com,None,Sales,Source_Data_Loader,2025-08-26 22:25:32.671411
CID-264,Individual,Standard,1954-04-17,2022-05-02,True,Alain,Lacombe,Male,(623) 555-0100,None,alain@contoso.com,None,Sales,Source_Data_Loader,2025-08-26 22:25:32.671411
CID-265,Business,Premier,1988-05-20,2022-05-07,True,Gilbert,Lacroix,Male,(832) 555-0152,None,gilbert@contoso.com,gilbert@fabrikam.com,Sales,Source_Data_Loader,2025-08-26 22:25:32.671411
CID-266,Business,Premier,1946-10-30,2022-05-12,True,Katja,Lah,Female,(715) 555-0133,(312) 555-0218,katja@contoso.com,None,Sales,Source_Data_Loader,2025-08-26 22:25:32.671411
CID-267,Individual,Premium,1947-12-18,2022-05-16,True,Theodore,Lamy,Male,(205) 555-0116,None,theodore@contoso.com,None,Sales,Source_Data_Loader,2025-08-26 22:25:32.671411
CID-268,Business,Premier,1958-04-29,2022-05-21,True,Anna,Lange,Female,(562) 555-0142,None,anna@contoso.com,None,Sales,Source_Data_Loader,2025-08-26 22:25:32.671411
CID-269,Individual,Premium,1978-10-13,2022-05-26,True,Aisma,Lapsa,Male,(801) 555-0103,(567) 555-0258,aisma@contoso.com,aisma@fabrikam.com,Sales,Source_Data_Loader,2025-08-26 22:25:32.671411
CID-270,Individual,Standard,1982-08-09,2022-05-30,True,Andre,Lawson,Male,(201) 555-0170,None,andre@contoso.com,None,Sales,Source_Data_Loader,2025-08-26 22:25:32.671411
CID-271,Business,SMB,1944-12-16,2022-06-04,True,Denise,Lebatelier,Female,(701) 555-0172,(352) 555-0222,denise@contoso.com,None,Sales,Source_Data_Loader,2025-08-26 22:25:32.671411
CID-272,Business,SMB,1989-02-26,2022-06-08,True,Bernadette,Leblanc,Female,(716) 555-0134,None,bernadette@contoso.com,None,Sales,Source_Data_Loader,2025-08-26 22:25:32.671411
CID-273,Business,Partner,1959-05-28,2022-06-13,True,Mikaela,Lee,Female,(209) 555-0123,(425) 555-0269,mikaela@contoso.com,None,Sales,Source_Data_Loader,2025-08-26 22:25:32.671411
CID-274,Government,State,1965-08-27,2022-06-18,True,Kayla,Lewis,Female,(978) 555-0149,(607) 555-0210,kayla@contoso.com,kayla@fabrikam.com,Services,Source_Data_Loader,2025-08-26 22:25:32.671411
CID-275,Individual,Standard,1950-01-28,2022-06-22,True,Aleksandra,Lice,Female,(858) 555-0142,None,aleksandra@contoso.com,None,Sales,Source_Data_Loader,2025-08-26 22:25:32.671411
CID-276,Individual,Premium,1954-03-05,2022-06-27,True,Geraint,Llwyd,Male,(951) 555-0131,None,geraint@contoso.com,None,Sales,Source_Data_Loader,2025-08-26 22:25:32.671411
CID-277,Business,Partner,1998-07-05,2022-07-02,True,Valeria,Lo Duca,Female,(603) 555-0127,None,valeria@contoso.com,None,Sales,Source_Data_Loader,2025-08-26 22:25:32.671411
CID-278,Individual,Standard,1991-09-23,2022-07-06,True,Ernst,Loetzsch,Male,(218) 555-0198,None,ernst@contoso.com,None,Sales,Source_Data_Loader,2025-08-26 22:25:32.671411
CID-279,Business,SMB,1954-03-24,2022-07-11,True,Palmira,Loggia,Female,(310) 555-0158,(916) 555-0211,palmira@contoso.com,None,Services,Source_Data_Loader,2025-08-26 22:25:32.671411
CID-280,Business,SMB,1982-05-20,2022-07-16,True,Francesca,Lombo,Female,(256) 555-0103,(512) 555-0233,francesca@contoso.com,francesca@fabrikam.com,Services,Source_Data_Loader,2025-08-26 22:25:32.671411
CID-281,Business,Premier,1968-04-11,2022-07-20,True,Markus,Long,Male,(219) 555-0138,(516) 555-0216,markus@contoso.com,None,Sales,Source_Data_Loader,2025-08-26 22:25:32.671411
CID-282,Individual,Standard,1927-07-19,2022-07-25,True,Gerardina,Longo,Female,(301) 555-0103,(806) 555-0200,gerardina@contoso.com,None,Services,Source_Data_Loader,2025-08-26 22:25:32.671411
CID-283,Individual,VIP,1956-10-05,2022-07-29,True,Eugenia,Lopez,Female,(254) 555-0129,None,eugenia@contoso.com,eugenia@fabrikam.com,Sales,Source_Data_Loader,2025-08-26 22:25:32.671411
CID-284,Individual,VIP,1967-08-10,2022-08-03,True,Lacombe,Luc,Male,(937) 555-0174,None,lacombe@contoso.com,lacombe@fabrikam.com,Sales,Source_Data_Loader,2025-08-26 22:25:32.671411
CID-285,Individual,Premium,1967-12-17,2022-08-08,True,Noemi,Lucchesi,Female,(341) 555-0111,(478) 555-0284,noemi@contoso.com,None,Sales,Source_Data_Loader,2025-08-26 22:25:32.671411
CID-286,Individual,Premium,1959-09-09,2022-08-12,True,Nikolajs,Lusis,Male,(805) 555-0135,None,nikolajs@contoso.com,None,Sales,Source_Data_Loader,2025-08-26 22:25:32.671411
CID-287,Individual,VIP,1949-03-17,2022-08-17,True,Courtney,Lynch,Female,(224) 555-0189,None,courtney@contoso.com,None,Sales,Source_Data_Loader,2025-08-26 22:25:32.671411
CID-288,Individual,Premium,1995-09-09,2022-08-22,True,Jan,Macek,Male,(704) 555-0170,None,jan@contoso.com,None,Sales,Source_Data_Loader,2025-08-26 22:25:32.671411
CID-289,Individual,Standard,1923-02-10,2022-08-26,True,Jakub,Maciejewski,Male,(878) 555-0100,None,jakub@contoso.com,None,Sales,Source_Data_Loader,2025-08-26 22:25:32.671411
CID-290,Individual,Premium,1987-11-08,2022-08-31,True,Terezija,Majcen,Female,(414) 555-0189,None,terezija@contoso.com,None,Sales,Source_Data_Loader,2025-08-26 22:25:32.671411
CID-291,Individual,Premium,1986-05-31,2022-09-04,True,Filip,Majewski,Male,(843) 555-0105,None,filip@contoso.com,filip@fabrikam.com,Sales,Source_Data_Loader,2025-08-26 22:25:32.671411
CID-292,Individual,Standard,1967-12-02,2022-09-09,True,Luis,Mamani,Male,(360) 555-0143,(917) 555-0262,luis@contoso.com,None,Services,Source_Data_Loader,2025-08-26 22:25:32.671411
CID-293,Business,Premier,1984-01-08,2022-09-14,False,Thomas,Margand,Male,(737) 555-0123,(575) 555-0272,thomas@contoso.com,None,Sales,Source_Data_Loader,2025-08-26 22:25:32.671411
CID-294,Individual,VIP,1990-09-08,2022-09-18,True,Marie,Markova,Female,(413) 555-0118,None,marie@contoso.com,None,Sales,Source_Data_Loader,2025-08-26 22:25:32.671411
CID-295,Individual,VIP,1974-02-22,2022-09-23,True,Henri,Marquis,Male,(463) 555-0117,(518) 555-0252,henri@contoso.com,None,Sales,Source_Data_Loader,2025-08-26 22:25:32.671411
CID-296,Individual,Premium,1979-05-12,2022-09-28,True,Blake,Martin,Male,(432) 555-0129,None,blake@contoso.com,None,Sales,Source_Data_Loader,2025-08-26 22:25:32.671411
CID-297,Business,SMB,1953-01-24,2022-10-02,True,Violet,Martinez,Female,(864) 555-0141,None,violet@contoso.com,None,Sales,Source_Data_Loader,2025-08-26 22:25:32.671411
CID-298,Individual,VIP,1923-07-17,2022-10-07,True,Calimero,Mazzanti,Male,(262) 555-0173,(978) 555-0292,calimero@contoso.com,None,Sales,Source_Data_Loader,2025-08-26 22:25:32.671411
CID-299,Individual,Premium,1952-02-21,2022-10-11,True,Parker,McLean,Male,(815) 555-0111,None,parker@contoso.com,parker@fabrikam.com,Sales,Source_Data_Loader,2025-08-26 22:25:32.671411
CID-300,Individual,Standard,1978-08-14,2022-10-16,True,Natasa,Medved,Female,(510) 555-0193,None,natasa@contoso.com,natasa@fabrikam.com,Sales,Source_Data_Loader,2025-08-26 22:25:32.671411
CID-301,Individual,VIP,1992-07-12,2022-10-21,True,Daniel,Mengestab,Male,(615) 555-0138,None,daniel@contoso.com,None,Sales,Source_Data_Loader,2025-08-26 22:25:32.671411
CID-302,Individual,VIP,1977-06-11,2022-10-25,True,Emel,Mert,Female,(860) 555-0120,None,emel@contoso.com,None,Sales,Source_Data_Loader,2025-08-26 22:25:32.671411
CID-303,Individual,Premium,1971-02-02,2022-10-30,True,Marie,Methot,Female,(862) 555-0128,None,marie@contoso.com,None,Sales,Source_Data_Loader,2025-08-26 22:25:32.671411
CID-304,Individual,Premium,1984-04-27,2022-11-04,True,Ariane,Meyer,Female,(623) 555-0161,(641) 555-0219,ariane@contoso.com,None,Sales,Source_Data_Loader,2025-08-26 22:25:32.671411
CID-305,Business,SMB,1931-03-23,2022-11-08,True,Habtu,Michael,Male,(509) 555-0114,None,habtu@contoso.com,None,Sales,Source_Data_Loader,2025-08-26 22:25:32.671411
CID-306,Government,Local,1986-06-11,2022-11-13,True,Dominik,Michalski,Male,(907) 555-0151,None,dominik@contoso.com,dominik@fabrikam.com,Services,Source_Data_Loader,2025-08-26 22:25:32.671411
CID-307,Individual,Standard,1966-08-03,2022-11-18,True,Anna,Michnova,Female,(660) 555-0153,None,anna@contoso.com,None,Sales,Source_Data_Loader,2025-08-26 22:25:32.671411
CID-308,Individual,Premium,1980-07-29,2022-11-22,True,Aleganesh,Mihertab,Female,(930) 555-0102,None,aleganesh@contoso.com,None,Services,Source_Data_Loader,2025-08-26 22:25:32.671411
CID-309,Business,SMB,1955-09-05,2022-11-27,True,Lisandro,Milanesi,Male,(567) 555-0142,(307) 555-0285,lisandro@contoso.com,None,Services,Source_Data_Loader,2025-08-26 22:25:32.671411
CID-310,Individual,Standard,1957-10-16,2022-12-01,True,Martina,Milani,Female,(770) 555-0137,None,martina@contoso.com,None,Sales,Source_Data_Loader,2025-08-26 22:25:32.671411
CID-311,Individual,Standard,1955-05-03,2022-12-06,True,Davide,Milano,Male,(713) 555-0132,None,davide@contoso.com,None,Sales,Source_Data_Loader,2025-08-26 22:25:32.671411
CID-312,Individual,Premium,1938-03-10,2022-12-11,True,Caleb,Miller,Male,(432) 555-0110,(602) 555-0250,caleb@contoso.com,None,Sales,Source_Data_Loader,2025-08-26 22:25:32.671411
CID-313,Individual,VIP,1974-10-21,2022-12-15,True,Jordan,Mitchell,Male,(351) 555-0181,None,jordan@contoso.com,jordan@fabrikam.com,Sales,Source_Data_Loader,2025-08-26 22:25:32.671411
CID-314,Government,Local,1960-11-27,2022-12-20,True,Joze,Mlakar,Male,(727) 555-0197,None,joze@contoso.com,None,Services,Source_Data_Loader,2025-08-26 22:25:32.671411
CID-315,Business,SMB,1951-09-20,2022-12-25,True,Gabriel,Moeller,Male,(425) 555-0187,(737) 555-0220,gabriel@contoso.com,None,Sales,Source_Data_Loader,2025-08-26 22:25:32.671411
CID-316,Individual,Premium,1957-10-26,2022-12-29,True,Coralie,Monjeau,Female,(231) 555-0165,None,coralie@contoso.com,None,Services,Source_Data_Loader,2025-08-26 22:25:32.671411
CID-317,Individual,Premium,1982-09-02,2023-01-03,True,Laura,Montfulleda,Female,(660) 555-0105,None,laura@contoso.com,None,Sales,Source_Data_Loader,2025-08-26 22:25:32.671411
CID-318,Individual,Standard,1979-11-16,2023-01-07,True,Preston,Morales,Male,(240) 555-0156,(971) 555-0258,preston@contoso.com,None,Services,Source_Data_Loader,2025-08-26 22:25:32.671411
CID-319,Individual,Premium,1993-08-19,2023-01-12,True,Juan,Morgan,Male,(412) 555-0154,None,juan@contoso.com,None,Sales,Source_Data_Loader,2025-08-26 22:25:32.671411
CID-320,Individual,Standard,1942-04-20,2023-01-17,True,Remy,Morris,Female,(870) 555-0115,None,remy@contoso.com,remy@fabrikam.com,Sales,Source_Data_Loader,2025-08-26 22:25:32.671411
CID-321,Individual,Standard,1964-10-05,2023-01-21,True,Rowan,Murphy,Male,(641) 555-0127,None,rowan@contoso.com,None,Sales,Source_Data_Loader,2025-08-26 22:25:32.671411
CID-322,Business,SMB,1959-07-21,2023-01-26,True,Rory,Nguyen,Male,(808) 555-0191,None,rory@contoso.com,None,Sales,Source_Data_Loader,2025-08-26 22:25:32.671411
CID-323,Individual,Standard,1953-04-28,2023-01-31,True,Camille,Nicole,Female,(702) 555-0148,(385) 555-0251,camille@contoso.com,None,Sales,Source_Data_Loader,2025-08-26 22:25:32.671411
CID-324,Individual,VIP,1979-01-23,2023-02-04,True,Franc,Novak,Male,(915) 555-0157,None,franc@contoso.com,None,Sales,Source_Data_Loader,2025-08-26 22:25:32.671411
CID-325,Government,Local,1970-03-24,2023-02-09,True,Lidia,Nowakowska,Female,(608) 555-0131,None,lidia@contoso.com,None,Services,Source_Data_Loader,2025-08-26 22:25:32.671411
CID-326,Business,SMB,1947-04-24,2023-02-14,True,Klara,Nowicka,Female,(781) 555-0168,None,klara@contoso.com,None,Sales,Source_Data_Loader,2025-08-26 22:25:32.671411
CID-327,Individual,Premium,1965-02-19,2023-02-18,True,Conrad,Nuber,Male,(304) 555-0152,None,conrad@contoso.com,None,Sales,Source_Data_Loader,2025-08-26 22:25:32.671411
CID-328,Individual,Standard,1980-01-31,2023-02-23,True,Martin,Oblak,Male,(870) 555-0138,None,martin@contoso.com,None,Sales,Source_Data_Loader,2025-08-26 22:25:32.671411
CID-329,Individual,Premium,1977-08-13,2023-02-27,True,Engin,Oguz,Male,(925) 555-0170,None,engin@contoso.com,engin@fabrikam.com,Services,Source_Data_Loader,2025-08-26 22:25:32.671411
CID-330,Individual,Standard,1961-05-31,2023-03-04,True,Anna,Ostrowska,Female,(517) 555-0102,None,anna@contoso.com,None,Sales,Source_Data_Loader,2025-08-26 22:25:32.671411
CID-331,Individual,VIP,1980-04-30,2023-03-09,True,Roman,Ostrowski,Male,(916) 555-0191,None,roman@contoso.com,None,Sales,Source_Data_Loader,2025-08-26 22:25:32.671411
CID-332,Business,SMB,1966-02-20,2023-03-13,True,Brigitte,Otto,Female,(253) 555-0178,None,brigitte@contoso.com,None,Sales,Source_Data_Loader,2025-08-26 22:25:32.671411
CID-333,Individual,Standard,1971-11-15,2023-03-18,True,Grace,Owens,Female,(269) 555-0105,None,grace@contoso.com,grace@fabrikam.com,Sales,Source_Data_Loader,2025-08-26 22:25:32.671411
CID-334,Individual,Standard,1924-01-17,2023-03-23,True,Derya,Ozcan,Female,(502) 555-0137,(667) 555-0232,derya@contoso.com,None,Sales,Source_Data_Loader,2025-08-26 22:25:32.671411
CID-335,Individual,VIP,1979-11-15,2023-03-27,True,Huseyin,Ozdemir,Male,(402) 555-0192,None,huseyin@contoso.com,None,Sales,Source_Data_Loader,2025-08-26 22:25:32.671411
CID-336,Individual,Premium,1985-12-11,2023-04-01,True,Salih,Ozkan,Male,(605) 555-0166,None,salih@contoso.com,None,Sales,Source_Data_Loader,2025-08-26 22:25:32.671411
CID-337,Business,SMB,1973-05-25,2023-04-05,True,Ahmet,Ozturk,Male,(209) 555-0183,None,ahmet@contoso.com,None,Sales,Source_Data_Loader,2025-08-26 22:25:32.671411
CID-338,Business,SMB,1989-02-03,2023-04-10,True,Olafs,Paegle,Male,(667) 555-0103,None,olafs@contoso.com,None,Sales,Source_Data_Loader,2025-08-26 22:25:32.671411
CID-339,Individual,Premium,1950-06-13,2023-04-15,True,Imelda,Pagnotto,Female,(702) 555-0184,None,imelda@contoso.com,None,Sales,Source_Data_Loader,2025-08-26 22:25:32.671411
CID-340,Individual,Standard,1954-03-21,2023-04-19,True,Irma,Palermo,Female,(308) 555-0107,None,irma@contoso.com,None,Sales,Source_Data_Loader,2025-08-26 22:25:32.671411
CID-341,Individual,VIP,1964-10-19,2023-04-24,True,Ariane,Panetier,Female,(218) 555-0176,None,ariane@contoso.com,None,Sales,Source_Data_Loader,2025-08-26 22:25:32.671411
CID-342,Individual,Standard,1962-04-17,2023-04-29,True,Olga,Panicucci,Female,(725) 555-0108,None,olga@contoso.com,None,Sales,Source_Data_Loader,2025-08-26 22:25:32.671411
CID-343,Individual,Standard,1994-04-06,2023-05-03,True,Aled,Parri,Male,(217) 555-0170,(682) 555-0210,aled@contoso.com,None,Sales,Source_Data_Loader,2025-08-26 22:25:32.671411
CID-344,Individual,Standard,1960-07-18,2023-05-08,True,Anne,Patel,Female,(464) 555-0197,None,anne@contoso.com,None,Sales,Source_Data_Loader,2025-08-26 22:25:32.671411
CID-345,Individual,Premium,1922-09-04,2023-05-13,True,David,Paulet,Male,(937) 555-0123,None,david@contoso.com,None,Sales,Source_Data_Loader,2025-08-26 22:25:32.671411
CID-346,Individual,Premium,1953-12-12,2023-05-17,True,Petra,Pavlic,Female,(504) 555-0143,None,petra@contoso.com,None,Sales,Source_Data_Loader,2025-08-26 22:25:32.671411
CID-347,Individual,Standard,1968-04-24,2023-05-22,True,Jerzy,Pawlak,Male,(201) 555-0109,(417) 555-0267,jerzy@contoso.com,None,Sales,Source_Data_Loader,2025-08-26 22:25:32.671411
CID-348,Individual,Premium,1978-08-12,2023-05-26,True,Marek,Pawlowski,Male,(765) 555-0171,None,marek@contoso.com,None,Sales,Source_Data_Loader,2025-08-26 22:25:32.671411
CID-349,Individual,Premium,1977-12-07,2023-05-31,True,Rene,Pelletier,Male,(214) 555-0188,None,rene@contoso.com,None,Sales,Source_Data_Loader,2025-08-26 22:25:32.671411
CID-350,Individual,Premium,1971-08-10,2023-06-05,True,Michael,Peltier,Male,(715) 555-0125,(940) 555-0253,michael@contoso.com,None,Services,Source_Data_Loader,2025-08-26 22:25:32.671411
CID-351,Individual,Standard,1968-10-25,2023-06-09,True,Matjaz,Petek,Male,(940) 555-0142,(575) 555-0223,matjaz@contoso.com,None,Sales,Source_Data_Loader,2025-08-26 22:25:32.671411
CID-352,Business,SMB,1955-09-13,2023-06-14,True,Gebhard,Peters,Male,(564) 555-0168,None,gebhard@contoso.com,gebhard@fabrikam.com,Sales,Source_Data_Loader,2025-08-26 22:25:32.671411
CID-353,Individual,Premium,1956-04-18,2023-06-19,True,Romain Petit,Petit,Male,(240) 555-0117,(224) 555-0256,romain petit@contoso.com,None,Sales,Source_Data_Loader,2025-08-26 22:25:32.671411
CID-354,Individual,Standard,1921-05-04,2023-06-23,True,Nina,Petric,Female,(717) 555-0112,None,nina@contoso.com,None,Sales,Source_Data_Loader,2025-08-26 22:25:32.671411
CID-355,Individual,Standard,1972-07-06,2023-06-28,True,Jayden,Phillips,Female,(305) 555-0177,(706) 555-0212,jayden@contoso.com,None,Sales,Source_Data_Loader,2025-08-26 22:25:32.671411
CID-356,Individual,VIP,1981-08-11,2023-07-02,True,Ortensia,Piazza,Female,(952) 555-0117,None,ortensia@contoso.com,None,Sales,Source_Data_Loader,2025-08-26 22:25:32.671411
CID-357,Individual,VIP,1931-07-21,2023-07-07,True,Anna,Pidecabanyes,Female,(424) 555-0150,(470) 555-0257,anna@contoso.com,None,Sales,Source_Data_Loader,2025-08-26 22:25:32.671411
CID-358,Individual,Standard,1955-08-14,2023-07-12,True,Isotta,Pinto,Female,(320) 555-0126,None,isotta@contoso.com,None,Sales,Source_Data_Loader,2025-08-26 22:25:32.671411
CID-359,Government,Local,1978-02-05,2023-07-16,True,Maria,Piotrowska,Female,(620) 555-0108,(480) 555-0227,maria@contoso.com,None,Services,Source_Data_Loader,2025-08-26 22:25:32.671411
CID-360,Individual,Premium,1973-05-24,2023-07-21,True,Barbara,Pirc,Female,(818) 555-0195,None,barbara@contoso.com,None,Sales,Source_Data_Loader,2025-08-26 22:25:32.671411
CID-361,Individual,Standard,1948-09-21,2023-07-26,True,Ritums,Podnieks,Female,(803) 555-0196,None,ritums@contoso.com,None,Sales,Source_Data_Loader,2025-08-26 22:25:32.671411
CID-362,Individual,Standard,1958-01-18,2023-07-30,True,Jiri,Polak,Male,(351) 555-0145,None,jiri@contoso.com,None,Sales,Source_Data_Loader,2025-08-26 22:25:32.671411
CID-363,Individual,Standard,1957-09-07,2023-08-04,True,Zuzana,Polaskova,Female,(864) 555-0197,(949) 555-0289,zuzana@contoso.com,zuzana@fabrikam.com,Services,Source_Data_Loader,2025-08-26 22:25:32.671411
CID-364,Individual,Premium,1966-01-24,2023-08-09,True,Matiass,Polis,Male,(207) 555-0179,None,matiass@contoso.com,matiass@fabrikam.com,Sales,Source_Data_Loader,2025-08-26 22:25:32.671411
CID-365,Government,State,1965-12-26,2023-08-13,True,Marko,Potocnik,Male,(941) 555-0147,(901) 555-0259,marko@contoso.com,marko@fabrikam.com,Services,Source_Data_Loader,2025-08-26 22:25:32.671411
CID-366,Individual,Standard,1960-06-17,2023-08-18,True,Joseph,Price,Male,(430) 555-0144,None,joseph@contoso.com,None,Services,Source_Data_Loader,2025-08-26 22:25:32.671411
CID-367,Government,Local,1993-06-02,2023-08-22,True,Libuse,Prikrylova,Female,(919) 555-0168,(206) 555-0274,libuse@contoso.com,None,Services,Source_Data_Loader,2025-08-26 22:25:32.671411
CID-368,Government,Local,1978-05-02,2023-08-27,True,Joana,Puigxoriguer,Female,(240) 555-0119,None,joana@contoso.com,joana@fabrikam.com,Services,Source_Data_Loader,2025-08-26 22:25:32.671411
CID-369,Individual,Premium,1997-10-02,2023-09-01,True,Ilgonis,Purmals,Female,(510) 555-0181,None,ilgonis@contoso.com,ilgonis@fabrikam.com,Sales,Source_Data_Loader,2025-08-26 22:25:32.671411
CID-370,Individual,Standard,1948-07-22,2023-09-05,True,Majda,Pusnik,Female,(341) 555-0173,(701) 555-0214,majda@contoso.com,None,Sales,Source_Data_Loader,2025-08-26 22:25:32.671411
CID-371,Individual,Standard,1952-08-06,2023-09-10,True,Rosa,P√©rez,Female,(667) 555-0162,(540) 555-0206,rosa@contoso.com,None,Sales,Source_Data_Loader,2025-08-26 22:25:32.671411
CID-372,Individual,Premium,1989-03-19,2023-09-15,True,Jesus,Quispe,Male,(401) 555-0176,None,jesus@contoso.com,jesus@fabrikam.com,Sales,Source_Data_Loader,2025-08-26 22:25:32.671411
CID-373,Individual,Standard,1967-07-21,2023-09-19,True,Bozena,Radova,Female,(505) 555-0154,None,bozena@contoso.com,None,Sales,Source_Data_Loader,2025-08-26 22:25:32.671411
CID-374,Individual,Premium,1995-04-22,2023-09-24,True,Riley,Ramirez,Male,(754) 555-0118,None,riley@contoso.com,None,Sales,Source_Data_Loader,2025-08-26 22:25:32.671411
CID-375,Individual,Standard,1959-05-15,2023-09-28,True,Hollie,Rees,Female,(269) 555-0152,(732) 555-0264,hollie@contoso.com,None,Services,Source_Data_Loader,2025-08-26 22:25:32.671411
CID-376,Individual,Standard,1971-11-29,2023-10-03,True,Marta,Reixachdamunt,Female,(248) 555-0113,(480) 555-0225,marta@contoso.com,None,Sales,Source_Data_Loader,2025-08-26 22:25:32.671411
CID-377,Business,SMB,1971-10-17,2023-10-08,True,John,Rhys,Male,(308) 555-0143,None,john@contoso.com,None,Sales,Source_Data_Loader,2025-08-26 22:25:32.671411
CID-378,Individual,Premium,1974-08-30,2023-10-12,True,Tomas,Richardson,Male,(785) 555-0164,None,tomas@contoso.com,None,Sales,Source_Data_Loader,2025-08-26 22:25:32.671411
CID-379,Business,Premier,1955-01-10,2023-10-17,True,Blaise,Richer,Male,(315) 555-0142,None,blaise@contoso.com,None,Services,Source_Data_Loader,2025-08-26 22:25:32.671411
CID-380,Individual,Premium,1993-07-20,2023-10-22,True,Luca,Richter,Male,(775) 555-0122,(802) 555-0239,luca@contoso.com,None,Sales,Source_Data_Loader,2025-08-26 22:25:32.671411
CID-381,Individual,Standard,1949-11-19,2023-10-26,True,Maksims,Riekstins,Male,(931) 555-0181,(517) 555-0215,maksims@contoso.com,None,Sales,Source_Data_Loader,2025-08-26 22:25:32.671411
CID-382,Individual,Premium,1988-08-12,2023-10-31,True,Clara,Rieradevall,Female,(401) 555-0154,None,clara@contoso.com,None,Sales,Source_Data_Loader,2025-08-26 22:25:32.671411
CID-383,Individual,Standard,1975-12-28,2023-11-04,True,Nathan,Rigby,Male,(803) 555-0191,None,nathan@contoso.com,nathan@fabrikam.com,Sales,Source_Data_Loader,2025-08-26 22:25:32.671411
CID-384,Business,SMB,1962-05-08,2023-11-09,True,Jerome,Rivard,Male,(714) 555-0132,None,jerome@contoso.com,None,Sales,Source_Data_Loader,2025-08-26 22:25:32.671411
CID-385,Business,Premier,1952-08-18,2023-11-14,True,Amari,Rivera,Female,(252) 555-0151,None,amari@contoso.com,None,Services,Source_Data_Loader,2025-08-26 22:25:32.671411
CID-386,Business,SMB,1979-06-12,2023-11-18,True,Maya,Robinson,Female,(878) 555-0148,None,maya@contoso.com,None,Sales,Source_Data_Loader,2025-08-26 22:25:32.671411
CID-387,Individual,Standard,1983-03-13,2023-11-23,True,Andree,Rocher,Female,(276) 555-0125,(419) 555-0296,andree@contoso.com,None,Sales,Source_Data_Loader,2025-08-26 22:25:32.671411
CID-388,Individual,Standard,1928-11-08,2023-11-28,True,Hazel,Rodriguez,Female,(443) 555-0197,(214) 555-0268,hazel@contoso.com,None,Sales,Source_Data_Loader,2025-08-26 22:25:32.671411
CID-389,Business,SMB,1971-01-23,2023-12-02,True,Juana,Rojas,Female,(540) 555-0198,None,juana@contoso.com,None,Sales,Source_Data_Loader,2025-08-26 22:25:32.671411
CID-390,Business,SMB,1962-12-16,2023-12-07,True,Benito,Romani,Male,(646) 555-0179,None,benito@contoso.com,None,Sales,Source_Data_Loader,2025-08-26 22:25:32.671411
CID-391,Government,State,1995-06-14,2023-12-12,True,Valeria,Romano,Female,(980) 555-0176,None,valeria@contoso.com,None,Services,Source_Data_Loader,2025-08-26 22:25:32.671411
CID-392,Individual,Standard,1967-09-12,2023-12-16,True,Henry,Ross,Male,(530) 555-0186,(812) 555-0276,henry@contoso.com,None,Sales,Source_Data_Loader,2025-08-26 22:25:32.671411
CID-393,Individual,VIP,1983-01-31,2023-12-21,True,Kazimirs,Roze,Female,(608) 555-0115,None,kazimirs@contoso.com,None,Sales,Source_Data_Loader,2025-08-26 22:25:32.671411
CID-394,Business,Premier,1946-05-30,2023-12-25,False,Bostjan,Rozman,Male,(252) 555-0134,None,bostjan@contoso.com,None,Sales,Source_Data_Loader,2025-08-26 22:25:32.671411
CID-395,Individual,Standard,1995-12-06,2023-12-30,True,Lorenzo,Russo,Male,(661) 555-0145,None,lorenzo@contoso.com,None,Sales,Source_Data_Loader,2025-08-26 22:25:32.671411
CID-396,Government,Local,1923-11-05,2024-01-04,True,Benigno,Sabbatini,Male,(832) 555-0154,(704) 555-0232,benigno@contoso.com,None,Services,Source_Data_Loader,2025-08-26 22:25:32.671411
CID-397,Business,SMB,1966-04-25,2024-01-08,True,Jan,Sachweh,Male,(775) 555-0184,(475) 555-0271,jan@contoso.com,jan@fabrikam.com,Sales,Source_Data_Loader,2025-08-26 22:25:32.671411
CID-398,Individual,Premium,1973-05-03,2024-01-13,True,Filip,Safranek,Male,(949) 555-0184,None,filip@contoso.com,None,Sales,Source_Data_Loader,2025-08-26 22:25:32.671411
CID-399,Business,SMB,1970-09-20,2024-01-18,True,Diego,Sagese,Male,(339) 555-0105,None,diego@contoso.com,None,Services,Source_Data_Loader,2025-08-26 22:25:32.671411
CID-400,Business,Premier,1940-03-28,2024-01-22,True,Emine,Sahin,Female,(609) 555-0163,(586) 555-0237,emine@contoso.com,None,Sales,Source_Data_Loader,2025-08-26 22:25:32.671411
CID-401,Individual,Standard,1988-02-15,2024-01-27,True,Dakota,Sanchez,Male,(618) 555-0176,None,dakota@contoso.com,None,Sales,Source_Data_Loader,2025-08-26 22:25:32.671411
CID-402,Government,State,1990-05-24,2024-01-31,True,Sarmis,Saulitis,Male,(603) 555-0186,None,sarmis@contoso.com,None,Services,Source_Data_Loader,2025-08-26 22:25:32.671411
CID-403,Individual,Standard,1996-12-28,2024-02-05,True,Kai,Schmitt,Male,(810) 555-0120,(212) 555-0211,kai@contoso.com,None,Sales,Source_Data_Loader,2025-08-26 22:25:32.671411
CID-404,Business,SMB,1951-05-28,2024-02-10,True,Izaak,Schmitz,Male,(469) 555-0122,None,izaak@contoso.com,None,Sales,Source_Data_Loader,2025-08-26 22:25:32.671411
CID-405,Individual,VIP,1966-05-03,2024-02-14,True,Lea,Schneider,Female,(415) 555-0146,None,lea@contoso.com,None,Sales,Source_Data_Loader,2025-08-26 22:25:32.671411
CID-406,Business,Premier,1958-03-15,2024-02-19,True,Ashley,Schroeder,Female,(646) 555-0150,(978) 555-0224,ashley@contoso.com,None,Sales,Source_Data_Loader,2025-08-26 22:25:32.671411
CID-407,Individual,Standard,1988-09-23,2024-02-24,True,Nickolaus,Schulz,Male,(651) 555-0106,None,nickolaus@contoso.com,None,Services,Source_Data_Loader,2025-08-26 22:25:32.671411
CID-408,Individual,VIP,1977-01-05,2024-02-28,True,Helga,Schustereit,Female,(314) 555-0147,(463) 555-0266,helga@contoso.com,None,Sales,Source_Data_Loader,2025-08-26 22:25:32.671411
CID-409,Government,Local,1969-11-03,2024-03-04,True,Miloslav,Sedlar,Male,(564) 555-0190,None,miloslav@contoso.com,None,Services,Source_Data_Loader,2025-08-26 22:25:32.671411
CID-410,Individual,VIP,1983-02-02,2024-03-09,True,Gunay,Sen,Male,(571) 555-0156,None,gunay@contoso.com,None,Sales,Source_Data_Loader,2025-08-26 22:25:32.671411
CID-411,Individual,Premium,1971-07-06,2024-03-13,False,Xavier,Serradelarca,Male,(959) 555-0120,None,xavier@contoso.com,None,Sales,Source_Data_Loader,2025-08-26 22:25:32.671411
CID-412,Government,Local,1998-08-23,2024-03-18,True,Julia,Serradesanferm,Female,(419) 555-0139,None,julia@contoso.com,julia@fabrikam.com,Services,Source_Data_Loader,2025-08-26 22:25:32.671411
CID-413,Government,Local,1996-04-26,2024-03-22,True,Anja,Sever,Female,(503) 555-0144,None,anja@contoso.com,None,Services,Source_Data_Loader,2025-08-26 22:25:32.671411
CID-414,Individual,Standard,1961-05-03,2024-03-27,True,Ermenegildo,Siciliani,Male,(402) 555-0148,(909) 555-0292,ermenegildo@contoso.com,None,Sales,Source_Data_Loader,2025-08-26 22:25:32.671411
CID-415,Individual,Premium,1946-04-14,2024-04-01,True,Fabiola,Siciliano,Female,(606) 555-0191,None,fabiola@contoso.com,None,Sales,Source_Data_Loader,2025-08-26 22:25:32.671411
CID-416,Individual,Premium,1929-07-09,2024-04-05,True,Vladimir,Sima,Male,(252) 555-0140,None,vladimir@contoso.com,None,Sales,Source_Data_Loader,2025-08-26 22:25:32.671411
CID-417,Individual,Standard,1986-02-19,2024-04-10,False,Hanno,Simon,Male,(240) 555-0157,None,hanno@contoso.com,None,Sales,Source_Data_Loader,2025-08-26 22:25:32.671411
CID-418,Individual,Standard,1923-11-27,2024-04-15,True,Demet,Simsek,Female,(989) 555-0105,(401) 555-0268,demet@contoso.com,None,Sales,Source_Data_Loader,2025-08-26 22:25:32.671411
CID-419,Individual,Premium,1953-06-14,2024-04-19,True,Bernd,Skopura,Male,(864) 555-0137,(201) 555-0238,bernd@contoso.com,bernd@fabrikam.com,Sales,Source_Data_Loader,2025-08-26 22:25:32.671411
CID-420,Business,Partner,1991-03-19,2024-04-24,True,Matej,Skorepa,Male,(386) 555-0113,None,matej@contoso.com,None,Sales,Source_Data_Loader,2025-08-26 22:25:32.671411
CID-421,Business,SMB,1932-11-20,2024-04-28,True,Teodors,Skujins,Male,(646) 555-0102,(870) 555-0290,teodors@contoso.com,None,Sales,Source_Data_Loader,2025-08-26 22:25:32.671411
CID-422,Business,SMB,1959-08-14,2024-05-03,True,Liam,Small,Male,(810) 555-0123,None,liam@contoso.com,liam@fabrikam.com,Sales,Source_Data_Loader,2025-08-26 22:25:32.671411
CID-423,Individual,Standard,1923-06-16,2024-05-08,True,Ludmila,Smidova,Female,(225) 555-0117,None,ludmila@contoso.com,None,Sales,Source_Data_Loader,2025-08-26 22:25:32.671411
CID-424,Individual,Standard,1953-03-03,2024-05-12,True,Reed,Smith,Male,(850) 555-0187,None,reed@contoso.com,None,Services,Source_Data_Loader,2025-08-26 22:25:32.671411
CID-425,Individual,VIP,1990-12-20,2024-05-17,True,Dominika,Sobczak,Female,(843) 555-0134,(980) 555-0222,dominika@contoso.com,None,Sales,Source_Data_Loader,2025-08-26 22:25:32.671411
CID-426,Individual,Standard,1932-09-27,2024-05-22,True,Lluis,Sobregrau,Male,(717) 555-0100,None,lluis@contoso.com,None,Sales,Source_Data_Loader,2025-08-26 22:25:32.671411
CID-427,Individual,Premium,1980-04-14,2024-05-26,True,Krystyna,Sokolowska,Female,(612) 555-0144,None,krystyna@contoso.com,None,Sales,Source_Data_Loader,2025-08-26 22:25:32.671411
CID-428,Business,SMB,1946-04-08,2024-05-31,True,Eric,Solomon,Male,(530) 555-0197,None,eric@contoso.com,eric@fabrikam.com,Sales,Source_Data_Loader,2025-08-26 22:25:32.671411
CID-429,Individual,Premium,1990-01-24,2024-06-05,True,Rudolf,Spousta,Male,(812) 555-0192,None,rudolf@contoso.com,rudolf@fabrikam.com,Sales,Source_Data_Loader,2025-08-26 22:25:32.671411
CID-430,Individual,Premium,1985-11-21,2024-06-09,True,Grigorijs,Sprogis,Female,(772) 555-0124,(818) 555-0294,grigorijs@contoso.com,None,Sales,Source_Data_Loader,2025-08-26 22:25:32.671411
CID-431,Individual,Premium,1985-09-04,2024-06-14,True,Lenka,Stastna,Female,(218) 555-0153,None,lenka@contoso.com,None,Sales,Source_Data_Loader,2025-08-26 22:25:32.671411
CID-432,Business,SMB,1971-08-02,2024-06-18,True,Mia,Steele,Female,(551) 555-0141,None,mia@contoso.com,None,Sales,Source_Data_Loader,2025-08-26 22:25:32.671411
CID-433,Individual,Standard,1953-06-09,2024-06-23,True,Tyler,Stein,Male,(832) 555-0154,None,tyler@contoso.com,None,Sales,Source_Data_Loader,2025-08-26 22:25:32.671411
CID-434,Individual,Standard,1923-01-16,2024-06-28,True,Veronika,Stejskalova,Female,(267) 555-0188,None,veronika@contoso.com,None,Sales,Source_Data_Loader,2025-08-26 22:25:32.671411
CID-435,Individual,VIP,1964-11-14,2024-07-02,True,Benjamin,Stuart,Male,(308) 555-0105,None,benjamin@contoso.com,None,Sales,Source_Data_Loader,2025-08-26 22:25:32.671411
CID-436,Business,Premier,1978-05-16,2024-07-07,True,Marc,Surinyach,Male,(229) 555-0169,None,marc@contoso.com,None,Sales,Source_Data_Loader,2025-08-26 22:25:32.671411
CID-437,Individual,Premium,1996-12-01,2024-07-12,True,Miroslav,Svoboda,Male,(312) 555-0138,None,miroslav@contoso.com,None,Sales,Source_Data_Loader,2025-08-26 22:25:32.671411
CID-438,Business,Premier,1990-09-04,2024-07-16,True,Katerina,Sykorova,Female,(959) 555-0109,None,katerina@contoso.com,None,Sales,Source_Data_Loader,2025-08-26 22:25:32.671411
CID-439,Business,Premier,1965-08-01,2024-07-21,True,Bernadette,Sylvain,Female,(254) 555-0117,None,bernadette@contoso.com,None,Sales,Source_Data_Loader,2025-08-26 22:25:32.671411
CID-440,Individual,Standard,1976-08-12,2024-07-25,True,Isaac,Talbot,Male,(415) 555-0172,None,isaac@contoso.com,None,Sales,Source_Data_Loader,2025-08-26 22:25:32.671411
CID-441,Individual,VIP,1932-09-19,2024-07-30,True,Lisa,Taylor,Female,(217) 555-0103,None,lisa@contoso.com,lisa@fabrikam.com,Sales,Source_Data_Loader,2025-08-26 22:25:32.671411
CID-442,Government,Local,1970-06-08,2024-08-04,True,Hulya,Tekin,Female,(718) 555-0139,(725) 555-0285,hulya@contoso.com,None,Services,Source_Data_Loader,2025-08-26 22:25:32.671411
CID-443,Individual,Standard,1940-04-25,2024-08-08,True,Kiros,Teklay,Male,(210) 555-0108,None,kiros@contoso.com,None,Sales,Source_Data_Loader,2025-08-26 22:25:32.671411
CID-444,Individual,Premium,1995-07-07,2024-08-13,True,Yordanos,Tesfaye,Female,(614) 555-0103,None,yordanos@contoso.com,None,Sales,Source_Data_Loader,2025-08-26 22:25:32.671411
CID-445,Business,SMB,1995-06-12,2024-08-18,True,Cora,Thomas,Female,(769) 555-0115,None,cora@contoso.com,None,Sales,Source_Data_Loader,2025-08-26 22:25:32.671411
CID-446,Government,Local,1977-12-02,2024-08-22,True,Monica,Thompson,Female,(586) 555-0198,None,monica@contoso.com,monica@fabrikam.com,Services,Source_Data_Loader,2025-08-26 22:25:32.671411
CID-447,Government,State,1972-07-09,2024-08-27,True,Piotr,Tomaszewski,Male,(352) 555-0104,(727) 555-0294,piotr@contoso.com,None,Sales,Source_Data_Loader,2025-08-26 22:25:32.671411
CID-448,Business,SMB,1976-06-06,2024-08-31,True,Milena,Tomazic,Female,(934) 555-0178,None,milena@contoso.com,None,Sales,Source_Data_Loader,2025-08-26 22:25:32.671411
CID-449,Individual,Premium,1981-01-29,2024-09-05,True,Stanislav,Tomek,Male,(603) 555-0101,(860) 555-0252,stanislav@contoso.com,None,Sales,Source_Data_Loader,2025-08-26 22:25:32.671411
CID-450,Individual,Standard,1973-11-08,2024-09-10,True,Rhodri,Tomos,Male,(425) 555-0112,(609) 555-0227,rhodri@contoso.com,rhodri@fabrikam.com,Sales,Source_Data_Loader,2025-08-26 22:25:32.671411
CID-451,Business,SMB,1957-01-25,2024-09-14,True,Rafel,Tornafoch,Male,(909) 555-0141,None,rafel@contoso.com,None,Sales,Source_Data_Loader,2025-08-26 22:25:32.671411
CID-452,Individual,Standard,1950-03-08,2024-09-19,False,Devon,Torres,Male,(484) 555-0173,None,devon@contoso.com,None,Sales,Source_Data_Loader,2025-08-26 22:25:32.671411
CID-453,Individual,Standard,1951-04-24,2024-09-24,True,Jose,Torrez,Male,(716) 555-0194,None,jose@contoso.com,None,Sales,Source_Data_Loader,2025-08-26 22:25:32.671411
CID-454,Government,State,1961-01-14,2024-09-28,True,Isabella,Toscano,Female,(475) 555-0107,None,isabella@contoso.com,None,Services,Source_Data_Loader,2025-08-26 22:25:32.671411
CID-455,Individual,Standard,1991-11-20,2024-10-03,False,Mattia,Trentini,Male,(347) 555-0162,None,mattia@contoso.com,None,Services,Source_Data_Loader,2025-08-26 22:25:32.671411
CID-456,Individual,Premium,1973-07-21,2024-10-08,True,Maximilian,Tropschuh,Male,(904) 555-0108,None,maximilian@contoso.com,None,Sales,Source_Data_Loader,2025-08-26 22:25:32.671411
CID-457,Individual,Premium,1957-11-22,2024-10-12,True,Kidane,Tsehaye,Male,(509) 555-0110,(225) 555-0243,kidane@contoso.com,None,Sales,Source_Data_Loader,2025-08-26 22:25:32.671411
CID-458,Individual,Premium,1937-08-05,2024-10-17,True,Esra,Turan,Female,(443) 555-0141,(509) 555-0267,esra@contoso.com,None,Sales,Source_Data_Loader,2025-08-26 22:25:32.671411
CID-459,Individual,VIP,1982-08-21,2024-10-21,True,Teodors,Turins,Female,(630) 555-0112,None,teodors@contoso.com,teodors@fabrikam.com,Sales,Source_Data_Loader,2025-08-26 22:25:32.671411
CID-460,Individual,Premium,1960-07-09,2024-10-26,True,Matej,Turk,Male,(918) 555-0136,None,matej@contoso.com,matej@fabrikam.com,Sales,Source_Data_Loader,2025-08-26 22:25:32.671411
CID-461,Individual,Standard,1988-03-11,2024-10-31,True,Ellis,Turner,Female,(385) 555-0172,(304) 555-0240,ellis@contoso.com,ellis@fabrikam.com,Sales,Source_Data_Loader,2025-08-26 22:25:32.671411
CID-462,Individual,Standard,1953-01-08,2024-11-04,True,Adalberto,Udinese,Male,(734) 555-0101,(212) 555-0290,adalberto@contoso.com,None,Sales,Source_Data_Loader,2025-08-26 22:25:32.671411
CID-463,Business,SMB,1987-08-08,2024-11-09,True,Lodovico,Udinesi,Male,(860) 555-0155,None,lodovico@contoso.com,None,Sales,Source_Data_Loader,2025-08-26 22:25:32.671411
CID-464,Individual,Premium,1954-12-29,2024-11-14,True,Melis,Unal,Female,(330) 555-0122,(720) 555-0291,melis@contoso.com,None,Sales,Source_Data_Loader,2025-08-26 22:25:32.671411
CID-465,Government,Local,1954-10-07,2024-11-18,True,Ivana,Ursic,Female,(469) 555-0139,None,ivana@contoso.com,None,Sales,Source_Data_Loader,2025-08-26 22:25:32.671411
CID-466,Individual,Premium,1941-08-25,2024-11-23,True,Adam,Vacha,Male,(609) 555-0128,None,adam@contoso.com,None,Sales,Source_Data_Loader,2025-08-26 22:25:32.671411
CID-467,Individual,Premium,1976-07-17,2024-11-27,True,Alena,Valentova,Female,(762) 555-0189,None,alena@contoso.com,None,Sales,Source_Data_Loader,2025-08-26 22:25:32.671411
CID-468,Business,SMB,1981-02-02,2024-12-02,True,Filips,Vanags,Female,(702) 555-0168,(602) 555-0268,filips@contoso.com,None,Sales,Source_Data_Loader,2025-08-26 22:25:32.671411
CID-469,Individual,Premium,1966-04-18,2024-12-07,True,Blanka,Vejvodova,Female,(806) 555-0188,(334) 555-0294,blanka@contoso.com,None,Sales,Source_Data_Loader,2025-08-26 22:25:32.671411
CID-470,Government,Local,1952-12-08,2024-12-11,True,Marjan,Vidmar,Male,(959) 555-0149,None,marjan@contoso.com,None,Services,Source_Data_Loader,2025-08-26 22:25:32.671411
CID-471,Individual,Standard,1966-12-26,2024-12-16,True,Laimonis,Viksna,Female,(934) 555-0154,None,laimonis@contoso.com,None,Sales,Source_Data_Loader,2025-08-26 22:25:32.671411
CID-472,Government,State,1958-07-02,2024-12-21,True,Alfons,Vitols,Female,(769) 555-0101,None,alfons@contoso.com,alfons@fabrikam.com,Services,Source_Data_Loader,2025-08-26 22:25:32.671411
CID-473,Individual,Premium,1958-10-02,2024-12-25,True,Immanuel,Vogel,Male,(612) 555-0112,(623) 555-0212,immanuel@contoso.com,None,Sales,Source_Data_Loader,2025-08-26 22:25:32.671411
CID-474,Business,Premier,1986-10-14,2024-12-30,True,Nicole,Wagner,Female,(516) 555-0191,None,nicole@contoso.com,None,Sales,Source_Data_Loader,2025-08-26 22:25:32.671411
CID-475,Individual,Standard,1990-09-07,2025-01-04,True,Sophie,Walter,Female,(478) 555-0169,None,sophie@contoso.com,None,Sales,Source_Data_Loader,2025-08-26 22:25:32.671411
CID-476,Government,Local,1979-06-27,2025-01-08,True,Oscar,Ward,Male,(725) 555-0157,None,oscar@contoso.com,None,Services,Source_Data_Loader,2025-08-26 22:25:32.671411
CID-477,Individual,Premium,1970-06-03,2025-01-13,True,Hannah,Weber,Female,(443) 555-0181,None,hannah@contoso.com,None,Sales,Source_Data_Loader,2025-08-26 22:25:32.671411
CID-478,Individual,Premium,1959-02-17,2025-01-17,True,Christoph,Werner,Male,(386) 555-0183,None,christoph@contoso.com,None,Sales,Source_Data_Loader,2025-08-26 22:25:32.671411
CID-479,Government,State,1987-03-11,2025-01-22,True,Artur,Wieczorek,Male,(719) 555-0168,None,artur@contoso.com,None,Sales,Source_Data_Loader,2025-08-26 22:25:32.671411
CID-480,Individual,Standard,1954-10-05,2025-01-27,True,Jennifer,Wilkins,Female,(775) 555-0158,None,jennifer@contoso.com,None,Sales,Source_Data_Loader,2025-08-26 22:25:32.671411
CID-481,Individual,Premium,1950-09-23,2025-01-31,True,Dylan,Williams,Male,(601) 555-0187,None,dylan@contoso.com,None,Sales,Source_Data_Loader,2025-08-26 22:25:32.671411
CID-482,Individual,Standard,1961-12-21,2025-02-05,True,Adrian,Wilske,Male,(217) 555-0188,None,adrian@contoso.com,None,Sales,Source_Data_Loader,2025-08-26 22:25:32.671411
CID-483,Individual,Standard,1981-04-03,2025-02-10,True,Olivia,Wilson,Female,(269) 555-0154,None,olivia@contoso.com,None,Sales,Source_Data_Loader,2025-08-26 22:25:32.671411
CID-484,Individual,VIP,1990-05-06,2025-02-14,True,Zofia,Wisniewska,Female,(920) 555-0148,None,zofia@contoso.com,None,Services,Source_Data_Loader,2025-08-26 22:25:32.671411
CID-485,Individual,Standard,1955-02-03,2025-02-19,True,Justyna,Wojciechowska,Female,(458) 555-0106,None,justyna@contoso.com,None,Sales,Source_Data_Loader,2025-08-26 22:25:32.671411
CID-486,Government,Federal,1955-09-23,2025-02-23,True,Abreham,Wolday,Male,(254) 555-0182,None,abreham@contoso.com,abreham@fabrikam.com,Services,Source_Data_Loader,2025-08-26 22:25:32.671411
CID-487,Individual,Standard,1951-10-27,2025-02-28,True,Gebre Egziabher,Wolde Mariam,Male,(601) 555-0150,None,gebre egziabher@contoso.com,gebre egziabher@fabrikam.com,Sales,Source_Data_Loader,2025-08-26 22:25:32.671411
CID-488,Individual,Standard,1963-12-01,2025-03-05,True,Klarissa,Wolf,Female,(364) 555-0181,(616) 555-0204,klarissa@contoso.com,klarissa@fabrikam.com,Sales,Source_Data_Loader,2025-08-26 22:25:32.671411
CID-489,Government,State,1965-08-28,2025-03-09,True,Lara,Wolfe,Female,(803) 555-0179,(224) 555-0246,lara@contoso.com,None,Services,Source_Data_Loader,2025-08-26 22:25:32.671411
CID-490,Business,Premier,1995-05-24,2025-03-14,True,Gabriel,Woods,Male,(409) 555-0141,(425) 555-0218,gabriel@contoso.com,None,Services,Source_Data_Loader,2025-08-26 22:25:32.671411
CID-491,Individual,Premium,1952-04-19,2025-03-19,True,Blazej,Wozniak,Male,(929) 555-0162,None,blazej@contoso.com,None,Sales,Source_Data_Loader,2025-08-26 22:25:32.671411
CID-492,Individual,Premium,1981-12-03,2025-03-23,True,Lois,Wyn,Female,(661) 555-0176,None,lois@contoso.com,None,Sales,Source_Data_Loader,2025-08-26 22:25:32.671411
CID-493,Individual,Premium,1968-11-30,2025-03-28,True,Agnieszka,Wysocka,Female,(208) 555-0126,(936) 555-0298,agnieszka@contoso.com,None,Sales,Source_Data_Loader,2025-08-26 22:25:32.671411
CID-494,Individual,Premium,1950-06-05,2025-04-02,True,Jakub,Wysocki,Male,(212) 555-0133,(612) 555-0254,jakub@contoso.com,None,Sales,Source_Data_Loader,2025-08-26 22:25:32.671411
CID-495,Individual,Premium,1951-04-24,2025-04-06,True,Yigit,Yalcin,Male,(270) 555-0124,(660) 555-0297,yigit@contoso.com,None,Sales,Source_Data_Loader,2025-08-26 22:25:32.671411
CID-496,Individual,Standard,1945-04-17,2025-04-11,True,Kerem,Yavuz,Male,(207) 555-0123,None,kerem@contoso.com,None,Sales,Source_Data_Loader,2025-08-26 22:25:32.671411
CID-497,Individual,Premium,1994-08-24,2025-04-15,True,Mehmet,Yildirim,Male,(781) 555-0105,None,mehmet@contoso.com,None,Sales,Source_Data_Loader,2025-08-26 22:25:32.671411
CID-498,Individual,Standard,1988-04-26,2025-04-20,True,Elif,Yildiz,Female,(954) 555-0124,None,elif@contoso.com,None,Sales,Source_Data_Loader,2025-08-26 22:25:32.671411
CID-499,Government,Federal,1956-11-10,2025-04-25,True,Ali,Yilmaz,Male,(662) 555-0123,None,ali@contoso.com,None,Services,Source_Data_Loader,2025-08-26 22:25:32.671411
CID-500,Government,Federal,1993-11-29,2025-04-29,True,Miha,Zagar,Male,(248) 555-0197,None,miha@contoso.com,None,Services,Source_Data_Loader,2025-08-26 22:25:32.671411
CID-501,Individual,Standard,1969-10-05,2025-05-04,True,Milos,Zahradnicek,Male,(952) 555-0102,None,milos@contoso.com,milos@fabrikam.com,Services,Source_Data_Loader,2025-08-26 22:25:32.671411
CID-502,Individual,Premium,1962-10-28,2025-05-09,True,Mateja,Zajc,Female,(386) 555-0137,(931) 555-0282,mateja@contoso.com,mateja@fabrikam.com,Sales,Source_Data_Loader,2025-08-26 22:25:32.671411
CID-503,Individual,VIP,1976-06-04,2025-05-13,True,Jakub,Zawadzki,Male,(716) 555-0177,None,jakub@contoso.com,jakub@fabrikam.com,Sales,Source_Data_Loader,2025-08-26 22:25:32.671411
CID-504,Business,SMB,1937-01-29,2025-05-18,True,Antonin,Zelinka,Male,(419) 555-0147,None,antonin@contoso.com,None,Sales,Source_Data_Loader,2025-08-26 22:25:32.671411
CID-505,Individual,Premium,1952-04-17,2025-05-22,True,Aira,Zeltina,Male,(229) 555-0153,None,aira@contoso.com,None,Sales,Source_Data_Loader,2025-08-26 22:25:32.671411
CID-506,Individual,VIP,1951-06-04,2025-05-27,True,Irbe,Ziemele,Female,(708) 555-0193,None,irbe@contoso.com,None,Services,Source_Data_Loader,2025-08-26 22:25:32.671411
CID-507,Government,Local,1937-01-13,2025-06-01,True,Mia,Zimmermann,Female,(702) 555-0119,None,mia@contoso.com,mia@fabrikam.com,Services,Source_Data_Loader,2025-08-26 22:25:32.671411
CID-508,Business,Premier,1977-05-27,2025-06-05,True,Ilga,Zirne,Male,(503) 555-0195,(907) 555-0262,ilga@contoso.com,None,Sales,Source_Data_Loader,2025-08-26 22:25:32.671411
CID-509,Government,Local,1996-10-02,2025-06-10,True,Sonja,Zorko,Female,(775) 555-0158,None,sonja@contoso.com,None,Services,Source_Data_Loader,2025-08-26 22:25:32.671411
CID-510,Business,Partner,1948-10-17,2025-06-15,True,Luka,Zupan,Male,(484) 555-0100,None,luka@contoso.com,None,Sales,Source_Data_Loader,2025-08-26 22:25:32.671411
CID-511,Individual,VIP,1955-05-12,2025-06-19,True,Jozica,Zupanc,Female,(617) 555-0162,(860) 555-0270,jozica@contoso.com,None,Sales,Source_Data_Loader,2025-08-26 22:25:32.671411
CID-512,Individual,VIP,1995-03-01,2025-06-24,True,Jozef,Zupancic,Male,(737) 555-0155,None,jozef@contoso.com,None,Sales,Source_Data_Loader,2025-08-26 22:25:32.671411
CID-513,Government,Local,1975-03-13,2025-06-29,True,Alida,Zvirbule,Male,(727) 555-0134,None,alida@contoso.com,None,Services,Source_Data_Loader,2025-08-26 22:25:32.671411
