ticket_id,customer_id,technician_id,node_id,priority,status,issue_type,date_created,date_resolved
TICK00001,CUST0056,TECH0105,NODE0154,Low,Resolved,Connectivity,2023-12-07 00:00:00,2023-12-29 00:00:00
TICK00002,CUST0019,TECH0119,NODE0021,Medium,In Progress,Hardware Failure,2023-11-02 00:00:00,
TICK00003,CUST0028,TECH0125,NODE0009,High,Closed,Service Outage,2024-03-24 00:00:00,2024-03-31 00:00:00
TICK00004,CUST0146,TECH0137,NODE0199,Critical,Open,Configuration,2024-02-05 00:00:00,
TICK00005,CUST0111,TECH0154,NODE0073,Low,In Progress,Billing,2023-10-21 00:00:00,
TICK00006,CUST0025,TECH0061,NODE0177,Medium,Open,Connectivity,2024-03-05 00:00:00,
TICK00007,CUST0082,TECH0046,NODE0024,High,Closed,Hardware Failure,2023-12-12 00:00:00,2023-12-19 00:00:00
TICK00008,CUST0185,TECH0008,NODE0130,Critical,Closed,Service Outage,2024-01-11 00:00:00,2024-01-24 00:00:00
TICK00009,CUST0087,TECH0193,NODE0007,Low,Resolved,Configuration,2023-12-07 00:00:00,2023-12-18 00:00:00
TICK00010,CUST0144,TECH0112,NODE0067,Medium,In Progress,Billing,2024-01-29 00:00:00,
TICK00011,CUST0109,TECH0174,NODE0072,High,In Progress,Connectivity,2023-12-13 00:00:00,
TICK00012,CUST0023,TECH0084,NODE0105,Critical,Open,Hardware Failure,2024-02-21 00:00:00,
TICK00013,CUST0181,TECH0184,NODE0109,Low,Open,Service Outage,2023-12-12 00:00:00,
TICK00014,CUST0099,TECH0164,NODE0156,Medium,Closed,Configuration,2023-10-04 00:00:00,2023-10-22 00:00:00
TICK00015,CUST0040,TECH0141,NODE0184,High,Resolved,Billing,2023-10-31 00:00:00,2023-11-07 00:00:00
TICK00016,CUST0008,TECH0016,NODE0117,Critical,Resolved,Connectivity,2023-11-17 00:00:00,2023-12-01 00:00:00
TICK00017,CUST0029,TECH0002,NODE0166,Low,In Progress,Hardware Failure,2024-03-16 00:00:00,
TICK00018,CUST0180,TECH0043,NODE0179,Medium,Resolved,Service Outage,2023-11-06 00:00:00,2023-11-23 00:00:00
TICK00019,CUST0033,TECH0043,NODE0028,High,Open,Configuration,2024-03-16 00:00:00,
TICK00020,CUST0055,TECH0004,NODE0200,Critical,Resolved,Billing,2023-11-07 00:00:00,2023-11-12 00:00:00
TICK00021,CUST0014,TECH0166,NODE0153,Low,In Progress,Connectivity,2024-01-26 00:00:00,
TICK00022,CUST0112,TECH0170,NODE0179,Medium,Closed,Hardware Failure,2023-11-08 00:00:00,2023-12-07 00:00:00
TICK00023,CUST0117,TECH0122,NODE0068,High,Resolved,Service Outage,2024-03-29 00:00:00,2024-03-31 00:00:00
TICK00024,CUST0196,TECH0172,NODE0004,Critical,Open,Configuration,2024-01-30 00:00:00,
TICK00025,CUST0058,TECH0022,NODE0012,Low,In Progress,Billing,2024-01-24 00:00:00,
TICK00026,CUST0059,TECH0034,NODE0077,Medium,In Progress,Connectivity,2023-10-11 00:00:00,
TICK00027,CUST0018,TECH0148,NODE0180,High,Resolved,Hardware Failure,2024-02-06 00:00:00,2024-03-02 00:00:00
TICK00028,CUST0041,TECH0024,NODE0021,Critical,Resolved,Service Outage,2023-12-11 00:00:00,2023-12-28 00:00:00
TICK00029,CUST0131,TECH0171,NODE0174,Low,In Progress,Configuration,2024-03-16 00:00:00,
TICK00030,CUST0111,TECH0063,NODE0023,Medium,Open,Billing,2023-12-27 00:00:00,
TICK00031,CUST0031,TECH0125,NODE0057,High,Open,Connectivity,2023-12-08 00:00:00,
TICK00032,CUST0076,TECH0174,NODE0180,Critical,Closed,Hardware Failure,2024-03-01 00:00:00,2024-03-23 00:00:00
TICK00033,CUST0135,TECH0021,NODE0162,Low,In Progress,Service Outage,2024-03-15 00:00:00,
TICK00034,CUST0110,TECH0181,NODE0082,Medium,Resolved,Configuration,2024-03-18 00:00:00,2024-03-31 00:00:00
TICK00035,CUST0014,TECH0156,NODE0170,High,In Progress,Billing,2024-03-08 00:00:00,
TICK00036,CUST0027,TECH0027,NODE0020,Critical,Closed,Connectivity,2023-11-22 00:00:00,2023-12-12 00:00:00
TICK00037,CUST0121,TECH0116,NODE0036,Low,Open,Hardware Failure,2024-02-12 00:00:00,
TICK00038,CUST0049,TECH0063,NODE0004,Medium,Open,Service Outage,2023-12-30 00:00:00,
TICK00039,CUST0124,TECH0074,NODE0055,High,In Progress,Configuration,2024-03-08 00:00:00,
TICK00040,CUST0026,TECH0054,NODE0118,Critical,Resolved,Billing,2024-02-21 00:00:00,2024-03-13 00:00:00
TICK00041,CUST0125,TECH0116,NODE0186,Low,Resolved,Connectivity,2024-01-02 00:00:00,2024-01-28 00:00:00
TICK00042,CUST0013,TECH0021,NODE0120,Medium,Open,Hardware Failure,2024-03-19 00:00:00,
TICK00043,CUST0108,TECH0175,NODE0173,High,Resolved,Service Outage,2024-01-09 00:00:00,2024-01-30 00:00:00
TICK00044,CUST0013,TECH0073,NODE0020,Critical,Open,Configuration,2024-01-30 00:00:00,
TICK00045,CUST0054,TECH0080,NODE0071,Low,Resolved,Billing,2024-02-16 00:00:00,2024-03-02 00:00:00
TICK00046,CUST0045,TECH0025,NODE0094,Medium,In Progress,Connectivity,2024-03-08 00:00:00,
TICK00047,CUST0160,TECH0188,NODE0097,High,Resolved,Hardware Failure,2023-11-11 00:00:00,2023-12-10 00:00:00
TICK00048,CUST0130,TECH0080,NODE0099,Critical,Closed,Service Outage,2024-01-15 00:00:00,2024-01-30 00:00:00
TICK00049,CUST0169,TECH0134,NODE0083,Low,In Progress,Configuration,2024-01-07 00:00:00,
TICK00050,CUST0030,TECH0114,NODE0200,Medium,Resolved,Billing,2023-10-26 00:00:00,2023-10-27 00:00:00
TICK00051,CUST0169,TECH0087,NODE0140,High,Open,Connectivity,2024-01-15 00:00:00,
TICK00052,CUST0065,TECH0147,NODE0062,Critical,Closed,Hardware Failure,2023-10-15 00:00:00,2023-11-11 00:00:00
TICK00053,CUST0130,TECH0145,NODE0130,Low,Resolved,Service Outage,2023-10-18 00:00:00,2023-10-22 00:00:00
TICK00054,CUST0014,TECH0097,NODE0019,Medium,Open,Configuration,2024-01-12 00:00:00,
TICK00055,CUST0146,TECH0178,NODE0190,High,Resolved,Billing,2023-10-07 00:00:00,2023-10-11 00:00:00
TICK00056,CUST0011,TECH0178,NODE0019,Critical,Open,Connectivity,2024-01-11 00:00:00,
TICK00057,CUST0074,TECH0160,NODE0087,Low,Resolved,Hardware Failure,2024-01-13 00:00:00,2024-01-22 00:00:00
TICK00058,CUST0174,TECH0082,NODE0009,Medium,In Progress,Service Outage,2024-02-25 00:00:00,
TICK00059,CUST0179,TECH0026,NODE0030,High,In Progress,Configuration,2023-10-29 00:00:00,
TICK00060,CUST0108,TECH0054,NODE0017,Critical,In Progress,Billing,2023-11-28 00:00:00,
TICK00061,CUST0150,TECH0172,NODE0045,Low,Resolved,Connectivity,2023-10-22 00:00:00,2023-10-27 00:00:00
TICK00062,CUST0060,TECH0081,NODE0068,Medium,Resolved,Hardware Failure,2023-11-05 00:00:00,2023-12-02 00:00:00
TICK00063,CUST0179,TECH0173,NODE0003,High,Resolved,Service Outage,2023-12-30 00:00:00,2024-01-07 00:00:00
TICK00064,CUST0166,TECH0170,NODE0031,Critical,In Progress,Configuration,2023-11-03 00:00:00,
TICK00065,CUST0068,TECH0150,NODE0148,Low,Resolved,Billing,2023-10-08 00:00:00,2023-10-12 00:00:00
TICK00066,CUST0064,TECH0060,NODE0007,Medium,Resolved,Connectivity,2023-10-31 00:00:00,2023-11-19 00:00:00
TICK00067,CUST0198,TECH0173,NODE0039,High,Resolved,Hardware Failure,2024-01-02 00:00:00,2024-01-31 00:00:00
TICK00068,CUST0174,TECH0165,NODE0178,Critical,Open,Service Outage,2024-03-16 00:00:00,
TICK00069,CUST0179,TECH0080,NODE0149,Low,Open,Configuration,2023-12-12 00:00:00,
TICK00070,CUST0091,TECH0174,NODE0022,Medium,In Progress,Billing,2023-10-05 00:00:00,
TICK00071,CUST0056,TECH0181,NODE0170,High,Open,Connectivity,2023-12-12 00:00:00,
TICK00072,CUST0062,TECH0127,NODE0014,Critical,In Progress,Hardware Failure,2023-12-07 00:00:00,
TICK00073,CUST0008,TECH0189,NODE0146,Low,Resolved,Service Outage,2024-01-04 00:00:00,2024-01-12 00:00:00
TICK00074,CUST0042,TECH0041,NODE0156,Medium,Resolved,Configuration,2023-11-12 00:00:00,2023-11-26 00:00:00
TICK00075,CUST0148,TECH0006,NODE0151,High,Resolved,Billing,2023-10-25 00:00:00,2023-10-30 00:00:00
TICK00076,CUST0060,TECH0142,NODE0147,Critical,Closed,Connectivity,2023-11-05 00:00:00,2023-11-10 00:00:00
TICK00077,CUST0035,TECH0052,NODE0091,Low,Open,Hardware Failure,2024-03-07 00:00:00,
TICK00078,CUST0007,TECH0038,NODE0034,Medium,Open,Service Outage,2023-11-04 00:00:00,
TICK00079,CUST0063,TECH0004,NODE0103,High,In Progress,Configuration,2023-12-11 00:00:00,
TICK00080,CUST0017,TECH0165,NODE0138,Critical,Closed,Billing,2023-10-01 00:00:00,2023-10-03 00:00:00
TICK00081,CUST0014,TECH0085,NODE0048,Low,Closed,Connectivity,2023-11-04 00:00:00,2023-11-24 00:00:00
TICK00082,CUST0109,TECH0183,NODE0103,Medium,In Progress,Hardware Failure,2023-11-20 00:00:00,
TICK00083,CUST0088,TECH0178,NODE0118,High,Resolved,Service Outage,2023-10-10 00:00:00,2023-11-03 00:00:00
TICK00084,CUST0156,TECH0152,NODE0138,Critical,In Progress,Configuration,2023-10-13 00:00:00,
TICK00085,CUST0010,TECH0129,NODE0043,Low,In Progress,Billing,2024-01-17 00:00:00,
TICK00086,CUST0087,TECH0098,NODE0001,Medium,Open,Connectivity,2024-01-15 00:00:00,
TICK00087,CUST0091,TECH0137,NODE0066,High,Closed,Hardware Failure,2023-10-23 00:00:00,2023-11-19 00:00:00
TICK00088,CUST0019,TECH0164,NODE0153,Critical,Resolved,Service Outage,2024-03-01 00:00:00,2024-03-18 00:00:00
TICK00089,CUST0030,TECH0178,NODE0106,Low,In Progress,Configuration,2023-12-29 00:00:00,
TICK00090,CUST0017,TECH0130,NODE0028,Medium,Resolved,Billing,2023-10-22 00:00:00,2023-11-15 00:00:00
TICK00091,CUST0004,TECH0050,NODE0178,High,In Progress,Connectivity,2024-01-15 00:00:00,
TICK00092,CUST0062,TECH0003,NODE0131,Critical,Closed,Hardware Failure,2024-02-12 00:00:00,2024-02-18 00:00:00
TICK00093,CUST0034,TECH0182,NODE0019,Low,Resolved,Service Outage,2023-10-15 00:00:00,2023-10-29 00:00:00
TICK00094,CUST0008,TECH0188,NODE0047,Medium,Resolved,Configuration,2024-02-02 00:00:00,2024-02-09 00:00:00
TICK00095,CUST0114,TECH0120,NODE0157,High,Open,Billing,2023-10-19 00:00:00,
TICK00096,CUST0193,TECH0138,NODE0005,Critical,Open,Connectivity,2024-02-08 00:00:00,
TICK00097,CUST0042,TECH0124,NODE0011,Low,In Progress,Hardware Failure,2024-02-13 00:00:00,
TICK00098,CUST0092,TECH0184,NODE0162,Medium,Resolved,Service Outage,2024-02-25 00:00:00,2024-03-06 00:00:00
TICK00099,CUST0127,TECH0065,NODE0161,High,Resolved,Configuration,2024-01-07 00:00:00,2024-01-26 00:00:00
TICK00100,CUST0181,TECH0194,NODE0069,Critical,In Progress,Billing,2024-02-06 00:00:00,
TICK00101,CUST0114,TECH0015,NODE0130,Low,Open,Connectivity,2024-03-06 00:00:00,
TICK00102,CUST0058,TECH0176,NODE0137,Medium,Open,Hardware Failure,2024-01-14 00:00:00,
TICK00103,CUST0189,TECH0073,NODE0112,High,Resolved,Service Outage,2023-12-12 00:00:00,2023-12-18 00:00:00
TICK00104,CUST0098,TECH0176,NODE0114,Critical,Resolved,Configuration,2024-03-02 00:00:00,2024-03-14 00:00:00
TICK00105,CUST0112,TECH0158,NODE0017,Low,In Progress,Billing,2023-12-30 00:00:00,
TICK00106,CUST0162,TECH0037,NODE0126,Medium,In Progress,Connectivity,2024-03-27 00:00:00,
TICK00107,CUST0044,TECH0062,NODE0012,High,Closed,Hardware Failure,2023-10-04 00:00:00,2023-11-03 00:00:00
TICK00108,CUST0025,TECH0066,NODE0192,Critical,Resolved,Service Outage,2024-01-24 00:00:00,2024-01-29 00:00:00
TICK00109,CUST0090,TECH0196,NODE0028,Low,Closed,Configuration,2023-12-01 00:00:00,2023-12-17 00:00:00
TICK00110,CUST0072,TECH0200,NODE0140,Medium,Resolved,Billing,2023-10-02 00:00:00,2023-10-19 00:00:00
TICK00111,CUST0100,TECH0097,NODE0187,High,In Progress,Connectivity,2024-01-22 00:00:00,
TICK00112,CUST0106,TECH0166,NODE0174,Critical,Open,Hardware Failure,2024-01-10 00:00:00,
TICK00113,CUST0047,TECH0073,NODE0197,Low,Resolved,Service Outage,2024-03-05 00:00:00,2024-03-11 00:00:00
TICK00114,CUST0041,TECH0121,NODE0039,Medium,Closed,Configuration,2024-01-09 00:00:00,2024-02-07 00:00:00
TICK00115,CUST0111,TECH0008,NODE0119,High,Resolved,Billing,2024-01-29 00:00:00,2024-02-14 00:00:00
TICK00116,CUST0197,TECH0162,NODE0113,Critical,Closed,Connectivity,2024-03-27 00:00:00,2024-03-28 00:00:00
TICK00117,CUST0130,TECH0138,NODE0004,Low,Closed,Hardware Failure,2023-10-25 00:00:00,2023-11-22 00:00:00
TICK00118,CUST0067,TECH0120,NODE0095,Medium,In Progress,Service Outage,2023-10-29 00:00:00,
TICK00119,CUST0023,TECH0066,NODE0087,High,Open,Configuration,2024-01-18 00:00:00,
TICK00120,CUST0194,TECH0066,NODE0012,Critical,Closed,Billing,2023-11-28 00:00:00,2023-12-22 00:00:00
TICK00121,CUST0174,TECH0066,NODE0034,Low,Closed,Connectivity,2024-02-11 00:00:00,2024-03-09 00:00:00
TICK00122,CUST0092,TECH0197,NODE0045,Medium,In Progress,Hardware Failure,2024-01-08 00:00:00,
TICK00123,CUST0058,TECH0008,NODE0046,High,Resolved,Service Outage,2024-01-10 00:00:00,2024-01-23 00:00:00
TICK00124,CUST0200,TECH0003,NODE0118,Critical,Open,Configuration,2024-01-08 00:00:00,
TICK00125,CUST0036,TECH0145,NODE0044,Low,Open,Billing,2024-02-17 00:00:00,
TICK00126,CUST0073,TECH0172,NODE0015,Medium,Resolved,Connectivity,2023-10-24 00:00:00,2023-11-11 00:00:00
TICK00127,CUST0193,TECH0027,NODE0167,High,In Progress,Hardware Failure,2024-03-22 00:00:00,
TICK00128,CUST0098,TECH0058,NODE0120,Critical,Open,Service Outage,2023-10-08 00:00:00,
TICK00129,CUST0168,TECH0131,NODE0126,Low,Resolved,Configuration,2024-03-27 00:00:00,2024-03-31 00:00:00
TICK00130,CUST0168,TECH0132,NODE0027,Medium,In Progress,Billing,2024-03-24 00:00:00,
TICK00131,CUST0001,TECH0001,NODE0171,High,Resolved,Connectivity,2023-10-04 00:00:00,2023-10-09 00:00:00
TICK00132,CUST0052,TECH0112,NODE0137,Critical,In Progress,Hardware Failure,2023-11-23 00:00:00,
TICK00133,CUST0180,TECH0160,NODE0137,Low,Closed,Service Outage,2024-01-24 00:00:00,2024-01-30 00:00:00
TICK00134,CUST0043,TECH0194,NODE0139,Medium,Open,Configuration,2023-11-06 00:00:00,
TICK00135,CUST0027,TECH0078,NODE0070,High,Closed,Billing,2023-10-14 00:00:00,2023-10-31 00:00:00
TICK00136,CUST0004,TECH0127,NODE0090,Critical,Open,Connectivity,2023-12-24 00:00:00,
TICK00137,CUST0015,TECH0128,NODE0139,Low,In Progress,Hardware Failure,2023-10-27 00:00:00,
TICK00138,CUST0008,TECH0189,NODE0195,Medium,Closed,Service Outage,2024-03-06 00:00:00,2024-03-17 00:00:00
TICK00139,CUST0164,TECH0157,NODE0127,High,In Progress,Configuration,2023-11-06 00:00:00,
TICK00140,CUST0048,TECH0064,NODE0053,Critical,In Progress,Billing,2024-01-09 00:00:00,
TICK00141,CUST0032,TECH0142,NODE0043,Low,Open,Connectivity,2023-11-16 00:00:00,
TICK00142,CUST0098,TECH0178,NODE0008,Medium,Closed,Hardware Failure,2023-10-20 00:00:00,2023-11-10 00:00:00
TICK00143,CUST0126,TECH0081,NODE0009,High,Resolved,Service Outage,2024-03-03 00:00:00,2024-03-23 00:00:00
TICK00144,CUST0117,TECH0146,NODE0068,Critical,In Progress,Configuration,2023-12-18 00:00:00,
TICK00145,CUST0075,TECH0175,NODE0063,Low,Open,Billing,2024-01-15 00:00:00,
TICK00146,CUST0194,TECH0116,NODE0111,Medium,In Progress,Connectivity,2024-02-12 00:00:00,
TICK00147,CUST0149,TECH0060,NODE0138,High,In Progress,Hardware Failure,2023-10-16 00:00:00,
TICK00148,CUST0074,TECH0140,NODE0074,Critical,Closed,Service Outage,2023-10-13 00:00:00,2023-10-26 00:00:00
TICK00149,CUST0183,TECH0127,NODE0018,Low,In Progress,Configuration,2024-03-10 00:00:00,
TICK00150,CUST0148,TECH0172,NODE0018,Medium,In Progress,Billing,2023-12-06 00:00:00,
TICK00151,CUST0100,TECH0081,NODE0120,High,Open,Connectivity,2024-01-06 00:00:00,
TICK00152,CUST0031,TECH0042,NODE0095,Critical,Resolved,Hardware Failure,2023-11-12 00:00:00,2023-11-27 00:00:00
TICK00153,CUST0010,TECH0056,NODE0051,Low,Resolved,Service Outage,2024-03-24 00:00:00,2024-03-31 00:00:00
TICK00154,CUST0079,TECH0101,NODE0046,Medium,Resolved,Configuration,2023-10-07 00:00:00,2023-10-22 00:00:00
TICK00155,CUST0057,TECH0175,NODE0001,High,Resolved,Billing,2024-03-23 00:00:00,2024-03-31 00:00:00
TICK00156,CUST0047,TECH0114,NODE0066,Critical,Resolved,Connectivity,2024-03-25 00:00:00,2024-03-31 00:00:00
TICK00157,CUST0034,TECH0139,NODE0103,Low,In Progress,Hardware Failure,2024-02-29 00:00:00,
TICK00158,CUST0137,TECH0002,NODE0053,Medium,In Progress,Service Outage,2023-11-28 00:00:00,
TICK00159,CUST0077,TECH0038,NODE0085,High,In Progress,Configuration,2024-03-13 00:00:00,
TICK00160,CUST0180,TECH0133,NODE0130,Critical,Resolved,Billing,2024-03-17 00:00:00,2024-03-18 00:00:00
TICK00161,CUST0164,TECH0141,NODE0013,Low,Open,Connectivity,2023-12-12 00:00:00,
TICK00162,CUST0044,TECH0183,NODE0053,Medium,In Progress,Hardware Failure,2024-02-27 00:00:00,
TICK00163,CUST0038,TECH0160,NODE0101,High,Resolved,Service Outage,2024-03-07 00:00:00,2024-03-19 00:00:00
TICK00164,CUST0037,TECH0007,NODE0134,Critical,In Progress,Configuration,2024-02-27 00:00:00,
TICK00165,CUST0131,TECH0051,NODE0020,Low,Closed,Billing,2024-03-25 00:00:00,2024-03-31 00:00:00
TICK00166,CUST0030,TECH0020,NODE0068,Medium,Resolved,Connectivity,2024-02-05 00:00:00,2024-02-23 00:00:00
TICK00167,CUST0073,TECH0069,NODE0053,High,Closed,Hardware Failure,2024-01-17 00:00:00,2024-02-14 00:00:00
TICK00168,CUST0021,TECH0115,NODE0001,Critical,In Progress,Service Outage,2023-10-15 00:00:00,
TICK00169,CUST0039,TECH0171,NODE0090,Low,Resolved,Configuration,2024-03-09 00:00:00,2024-03-27 00:00:00
TICK00170,CUST0123,TECH0016,NODE0123,Medium,Open,Billing,2024-01-25 00:00:00,
TICK00171,CUST0026,TECH0149,NODE0152,High,Resolved,Connectivity,2024-01-24 00:00:00,2024-01-26 00:00:00
TICK00172,CUST0021,TECH0157,NODE0057,Critical,Resolved,Hardware Failure,2023-11-12 00:00:00,2023-12-09 00:00:00
TICK00173,CUST0105,TECH0159,NODE0143,Low,Resolved,Service Outage,2024-03-29 00:00:00,2024-03-31 00:00:00
TICK00174,CUST0194,TECH0108,NODE0121,Medium,Resolved,Configuration,2023-12-10 00:00:00,2023-12-18 00:00:00
TICK00175,CUST0039,TECH0142,NODE0085,High,Resolved,Billing,2023-12-24 00:00:00,2024-01-17 00:00:00
TICK00176,CUST0177,TECH0119,NODE0028,Critical,In Progress,Connectivity,2023-10-04 00:00:00,
TICK00177,CUST0075,TECH0155,NODE0034,Low,In Progress,Hardware Failure,2024-03-15 00:00:00,
TICK00178,CUST0078,TECH0125,NODE0156,Medium,Resolved,Service Outage,2023-10-17 00:00:00,2023-10-20 00:00:00
TICK00179,CUST0129,TECH0049,NODE0055,High,Closed,Configuration,2023-11-14 00:00:00,2023-12-02 00:00:00
TICK00180,CUST0119,TECH0126,NODE0139,Critical,Closed,Billing,2023-10-19 00:00:00,2023-11-10 00:00:00
TICK00181,CUST0098,TECH0102,NODE0042,Low,In Progress,Connectivity,2024-03-03 00:00:00,
TICK00182,CUST0189,TECH0156,NODE0039,Medium,Open,Hardware Failure,2023-11-02 00:00:00,
TICK00183,CUST0170,TECH0074,NODE0059,High,Closed,Service Outage,2024-03-18 00:00:00,2024-03-21 00:00:00
TICK00184,CUST0073,TECH0190,NODE0088,Critical,Resolved,Configuration,2024-03-10 00:00:00,2024-03-15 00:00:00
TICK00185,CUST0083,TECH0135,NODE0081,Low,Closed,Billing,2023-10-25 00:00:00,2023-11-24 00:00:00
TICK00186,CUST0033,TECH0185,NODE0122,Medium,In Progress,Connectivity,2024-01-15 00:00:00,
TICK00187,CUST0083,TECH0100,NODE0181,High,Open,Hardware Failure,2023-11-08 00:00:00,
TICK00188,CUST0063,TECH0024,NODE0095,Critical,Closed,Service Outage,2024-02-05 00:00:00,2024-03-03 00:00:00
TICK00189,CUST0083,TECH0130,NODE0018,Low,Closed,Configuration,2024-02-08 00:00:00,2024-02-27 00:00:00
TICK00190,CUST0141,TECH0018,NODE0137,Medium,In Progress,Billing,2024-03-20 00:00:00,
TICK00191,CUST0189,TECH0099,NODE0059,High,Resolved,Connectivity,2023-11-03 00:00:00,2023-11-13 00:00:00
TICK00192,CUST0159,TECH0039,NODE0143,Critical,In Progress,Hardware Failure,2024-01-04 00:00:00,
TICK00193,CUST0075,TECH0155,NODE0039,Low,Open,Service Outage,2024-03-08 00:00:00,
TICK00194,CUST0036,TECH0167,NODE0059,Medium,Open,Configuration,2023-11-28 00:00:00,
TICK00195,CUST0166,TECH0081,NODE0027,High,Closed,Billing,2024-01-24 00:00:00,2024-02-02 00:00:00
TICK00196,CUST0188,TECH0048,NODE0172,Critical,Resolved,Connectivity,2024-01-03 00:00:00,2024-01-26 00:00:00
TICK00197,CUST0126,TECH0076,NODE0141,Low,In Progress,Hardware Failure,2024-01-14 00:00:00,
TICK00198,CUST0097,TECH0129,NODE0060,Medium,In Progress,Service Outage,2023-12-17 00:00:00,
TICK00199,CUST0121,TECH0172,NODE0130,High,Open,Configuration,2023-12-15 00:00:00,
TICK00200,CUST0115,TECH0056,NODE0039,Critical,Closed,Billing,2023-11-13 00:00:00,2023-11-17 00:00:00
TICK00201,CUST0097,TECH0012,NODE0105,Low,Open,Connectivity,2023-11-06 00:00:00,
TICK00202,CUST0053,TECH0191,NODE0178,Medium,In Progress,Hardware Failure,2023-10-28 00:00:00,
TICK00203,CUST0060,TECH0155,NODE0044,High,Resolved,Service Outage,2023-12-25 00:00:00,2023-12-27 00:00:00
TICK00204,CUST0051,TECH0170,NODE0011,Critical,In Progress,Configuration,2024-01-17 00:00:00,
TICK00205,CUST0023,TECH0002,NODE0122,Low,In Progress,Billing,2024-01-11 00:00:00,
TICK00206,CUST0008,TECH0126,NODE0116,Medium,In Progress,Connectivity,2024-01-24 00:00:00,
TICK00207,CUST0084,TECH0138,NODE0070,High,In Progress,Hardware Failure,2024-02-06 00:00:00,
TICK00208,CUST0154,TECH0120,NODE0179,Critical,Closed,Service Outage,2023-10-31 00:00:00,2023-11-05 00:00:00
TICK00209,CUST0137,TECH0017,NODE0146,Low,Open,Configuration,2024-02-24 00:00:00,
TICK00210,CUST0188,TECH0075,NODE0057,Medium,In Progress,Billing,2023-11-22 00:00:00,
TICK00211,CUST0141,TECH0173,NODE0083,High,Resolved,Connectivity,2024-01-05 00:00:00,2024-01-27 00:00:00
TICK00212,CUST0145,TECH0127,NODE0063,Critical,Resolved,Hardware Failure,2024-03-21 00:00:00,2024-03-30 00:00:00
TICK00213,CUST0054,TECH0031,NODE0198,Low,Closed,Service Outage,2023-11-09 00:00:00,2023-11-24 00:00:00
TICK00214,CUST0116,TECH0065,NODE0003,Medium,Open,Configuration,2023-12-27 00:00:00,
TICK00215,CUST0006,TECH0070,NODE0188,High,Resolved,Billing,2024-03-21 00:00:00,2024-03-31 00:00:00
TICK00216,CUST0093,TECH0137,NODE0187,Critical,In Progress,Connectivity,2024-02-02 00:00:00,
TICK00217,CUST0160,TECH0041,NODE0101,Low,Open,Hardware Failure,2023-10-09 00:00:00,
TICK00218,CUST0174,TECH0007,NODE0107,Medium,Open,Service Outage,2024-01-27 00:00:00,
TICK00219,CUST0113,TECH0109,NODE0022,High,In Progress,Configuration,2024-03-04 00:00:00,
TICK00220,CUST0044,TECH0108,NODE0104,Critical,Closed,Billing,2023-10-03 00:00:00,2023-10-16 00:00:00
TICK00221,CUST0153,TECH0120,NODE0149,Low,In Progress,Connectivity,2023-11-06 00:00:00,
TICK00222,CUST0148,TECH0181,NODE0112,Medium,In Progress,Hardware Failure,2024-02-11 00:00:00,
TICK00223,CUST0066,TECH0001,NODE0025,High,Closed,Service Outage,2023-10-14 00:00:00,2023-11-06 00:00:00
TICK00224,CUST0122,TECH0191,NODE0123,Critical,In Progress,Configuration,2024-02-26 00:00:00,
TICK00225,CUST0062,TECH0055,NODE0176,Low,In Progress,Billing,2023-11-30 00:00:00,
TICK00226,CUST0105,TECH0168,NODE0177,Medium,Resolved,Connectivity,2023-12-23 00:00:00,2024-01-01 00:00:00
TICK00227,CUST0078,TECH0100,NODE0046,High,In Progress,Hardware Failure,2023-12-16 00:00:00,
TICK00228,CUST0124,TECH0097,NODE0163,Critical,In Progress,Service Outage,2023-12-11 00:00:00,
TICK00229,CUST0014,TECH0123,NODE0012,Low,Open,Configuration,2023-10-19 00:00:00,
TICK00230,CUST0014,TECH0193,NODE0100,Medium,In Progress,Billing,2024-01-27 00:00:00,
TICK00231,CUST0039,TECH0091,NODE0128,High,Open,Connectivity,2023-12-31 00:00:00,
TICK00232,CUST0061,TECH0014,NODE0006,Critical,In Progress,Hardware Failure,2023-11-15 00:00:00,
TICK00233,CUST0135,TECH0011,NODE0149,Low,Open,Service Outage,2023-12-09 00:00:00,
TICK00234,CUST0123,TECH0127,NODE0182,Medium,In Progress,Configuration,2024-01-05 00:00:00,
TICK00235,CUST0075,TECH0011,NODE0169,High,Open,Billing,2024-01-01 00:00:00,
TICK00236,CUST0015,TECH0132,NODE0129,Critical,Open,Connectivity,2023-11-16 00:00:00,
TICK00237,CUST0015,TECH0035,NODE0111,Low,Closed,Hardware Failure,2024-01-28 00:00:00,2024-02-07 00:00:00
TICK00238,CUST0140,TECH0172,NODE0012,Medium,Open,Service Outage,2024-01-27 00:00:00,
TICK00239,CUST0188,TECH0060,NODE0163,High,In Progress,Configuration,2023-12-06 00:00:00,
TICK00240,CUST0015,TECH0037,NODE0129,Critical,In Progress,Billing,2023-11-26 00:00:00,
TICK00241,CUST0109,TECH0121,NODE0177,Low,Closed,Connectivity,2023-12-19 00:00:00,2024-01-08 00:00:00
TICK00242,CUST0112,TECH0152,NODE0013,Medium,Resolved,Hardware Failure,2023-11-05 00:00:00,2023-11-24 00:00:00
TICK00243,CUST0041,TECH0017,NODE0173,High,Resolved,Service Outage,2023-12-12 00:00:00,2024-01-11 00:00:00
TICK00244,CUST0127,TECH0062,NODE0166,Critical,In Progress,Configuration,2023-10-19 00:00:00,
TICK00245,CUST0129,TECH0067,NODE0011,Low,In Progress,Billing,2023-12-11 00:00:00,
TICK00246,CUST0027,TECH0100,NODE0093,Medium,Open,Connectivity,2024-02-05 00:00:00,
TICK00247,CUST0094,TECH0122,NODE0146,High,Open,Hardware Failure,2024-02-26 00:00:00,
TICK00248,CUST0024,TECH0164,NODE0114,Critical,In Progress,Service Outage,2024-03-07 00:00:00,
TICK00249,CUST0086,TECH0056,NODE0086,Low,Resolved,Configuration,2023-11-02 00:00:00,2023-12-01 00:00:00
TICK00250,CUST0173,TECH0147,NODE0094,Medium,Open,Billing,2023-12-06 00:00:00,
TICK00251,CUST0085,TECH0061,NODE0038,High,Resolved,Connectivity,2023-10-26 00:00:00,2023-11-19 00:00:00
TICK00252,CUST0139,TECH0103,NODE0009,Critical,Open,Hardware Failure,2024-02-24 00:00:00,
TICK00253,CUST0133,TECH0006,NODE0038,Low,Closed,Service Outage,2024-01-17 00:00:00,2024-02-01 00:00:00
TICK00254,CUST0122,TECH0035,NODE0021,Medium,In Progress,Configuration,2024-03-07 00:00:00,
TICK00255,CUST0009,TECH0114,NODE0176,High,Resolved,Billing,2023-11-10 00:00:00,2023-11-23 00:00:00
TICK00256,CUST0197,TECH0062,NODE0016,Critical,In Progress,Connectivity,2024-01-18 00:00:00,
TICK00257,CUST0054,TECH0055,NODE0049,Low,In Progress,Hardware Failure,2024-01-05 00:00:00,
TICK00258,CUST0158,TECH0170,NODE0189,Medium,In Progress,Service Outage,2023-10-19 00:00:00,
TICK00259,CUST0159,TECH0144,NODE0126,High,In Progress,Configuration,2023-12-14 00:00:00,
TICK00260,CUST0047,TECH0028,NODE0045,Critical,Resolved,Billing,2023-11-29 00:00:00,2023-12-12 00:00:00
TICK00261,CUST0182,TECH0189,NODE0136,Low,Resolved,Connectivity,2024-01-02 00:00:00,2024-01-29 00:00:00
TICK00262,CUST0166,TECH0175,NODE0090,Medium,In Progress,Hardware Failure,2023-10-19 00:00:00,
TICK00263,CUST0119,TECH0117,NODE0159,High,Closed,Service Outage,2023-10-27 00:00:00,2023-11-20 00:00:00
TICK00264,CUST0086,TECH0067,NODE0155,Critical,Resolved,Configuration,2023-10-27 00:00:00,2023-11-09 00:00:00
TICK00265,CUST0036,TECH0015,NODE0043,Low,In Progress,Billing,2024-02-22 00:00:00,
TICK00266,CUST0015,TECH0162,NODE0107,Medium,Open,Connectivity,2023-12-19 00:00:00,
TICK00267,CUST0018,TECH0080,NODE0019,High,Resolved,Hardware Failure,2023-11-12 00:00:00,2023-11-13 00:00:00
TICK00268,CUST0086,TECH0172,NODE0084,Critical,Resolved,Service Outage,2023-11-23 00:00:00,2023-12-11 00:00:00
TICK00269,CUST0156,TECH0094,NODE0053,Low,Open,Configuration,2023-10-27 00:00:00,
TICK00270,CUST0058,TECH0163,NODE0153,Medium,Closed,Billing,2024-01-16 00:00:00,2024-02-06 00:00:00
TICK00271,CUST0018,TECH0077,NODE0098,High,In Progress,Connectivity,2023-11-02 00:00:00,
TICK00272,CUST0107,TECH0164,NODE0116,Critical,In Progress,Hardware Failure,2023-11-21 00:00:00,
TICK00273,CUST0111,TECH0119,NODE0089,Low,Open,Service Outage,2023-12-13 00:00:00,
TICK00274,CUST0089,TECH0048,NODE0046,Medium,In Progress,Configuration,2023-10-24 00:00:00,
TICK00275,CUST0185,TECH0157,NODE0110,High,In Progress,Billing,2023-12-08 00:00:00,
TICK00276,CUST0108,TECH0009,NODE0108,Critical,Closed,Connectivity,2024-01-15 00:00:00,2024-02-06 00:00:00
TICK00277,CUST0073,TECH0081,NODE0032,Low,Closed,Hardware Failure,2023-10-18 00:00:00,2023-11-07 00:00:00
TICK00278,CUST0174,TECH0118,NODE0061,Medium,Open,Service Outage,2024-01-13 00:00:00,
TICK00279,CUST0191,TECH0014,NODE0033,High,Open,Configuration,2024-01-19 00:00:00,
TICK00280,CUST0071,TECH0158,NODE0179,Critical,In Progress,Billing,2023-12-26 00:00:00,
TICK00281,CUST0076,TECH0060,NODE0171,Low,Closed,Connectivity,2023-12-27 00:00:00,2024-01-17 00:00:00
TICK00282,CUST0086,TECH0008,NODE0193,Medium,Open,Hardware Failure,2024-03-26 00:00:00,
TICK00283,CUST0180,TECH0038,NODE0004,High,Resolved,Service Outage,2023-12-13 00:00:00,2024-01-11 00:00:00
TICK00284,CUST0080,TECH0111,NODE0054,Critical,Closed,Configuration,2023-11-04 00:00:00,2023-11-15 00:00:00
TICK00285,CUST0144,TECH0149,NODE0028,Low,Resolved,Billing,2023-12-03 00:00:00,2023-12-11 00:00:00
TICK00286,CUST0159,TECH0163,NODE0103,Medium,Resolved,Connectivity,2024-02-19 00:00:00,2024-02-22 00:00:00
TICK00287,CUST0122,TECH0086,NODE0011,High,In Progress,Hardware Failure,2023-10-26 00:00:00,
TICK00288,CUST0088,TECH0155,NODE0157,Critical,In Progress,Service Outage,2023-10-12 00:00:00,
TICK00289,CUST0157,TECH0059,NODE0011,Low,Resolved,Configuration,2023-10-06 00:00:00,2023-10-14 00:00:00
TICK00290,CUST0081,TECH0093,NODE0111,Medium,In Progress,Billing,2024-03-27 00:00:00,
TICK00291,CUST0111,TECH0044,NODE0132,High,Resolved,Connectivity,2024-01-11 00:00:00,2024-02-03 00:00:00
TICK00292,CUST0147,TECH0101,NODE0089,Critical,In Progress,Hardware Failure,2024-03-08 00:00:00,
TICK00293,CUST0041,TECH0077,NODE0084,Low,In Progress,Service Outage,2024-01-01 00:00:00,
TICK00294,CUST0065,TECH0198,NODE0044,Medium,Closed,Configuration,2023-12-25 00:00:00,2024-01-01 00:00:00
TICK00295,CUST0173,TECH0045,NODE0033,High,Resolved,Billing,2024-01-18 00:00:00,2024-01-20 00:00:00
TICK00296,CUST0095,TECH0113,NODE0131,Critical,Open,Connectivity,2023-10-14 00:00:00,
TICK00297,CUST0119,TECH0121,NODE0151,Low,Closed,Hardware Failure,2024-03-13 00:00:00,2024-03-25 00:00:00
TICK00298,CUST0034,TECH0026,NODE0115,Medium,Resolved,Service Outage,2023-11-24 00:00:00,2023-12-13 00:00:00
TICK00299,CUST0147,TECH0068,NODE0128,High,Open,Configuration,2023-11-16 00:00:00,
TICK00300,CUST0173,TECH0124,NODE0142,Critical,In Progress,Billing,2023-11-13 00:00:00,
TICK00301,CUST0137,TECH0064,NODE0080,Low,Open,Connectivity,2024-03-28 00:00:00,
TICK00302,CUST0189,TECH0120,NODE0001,Medium,Resolved,Hardware Failure,2024-02-24 00:00:00,2024-03-08 00:00:00
TICK00303,CUST0088,TECH0082,NODE0029,High,Open,Service Outage,2024-03-24 00:00:00,
TICK00304,CUST0043,TECH0177,NODE0013,Critical,Resolved,Configuration,2024-01-24 00:00:00,2024-02-01 00:00:00
TICK00305,CUST0091,TECH0041,NODE0027,Low,Resolved,Billing,2024-03-30 00:00:00,2024-03-31 00:00:00
TICK00306,CUST0017,TECH0081,NODE0072,Medium,Open,Connectivity,2023-11-22 00:00:00,
TICK00307,CUST0156,TECH0156,NODE0010,High,Resolved,Hardware Failure,2024-03-21 00:00:00,2024-03-31 00:00:00
TICK00308,CUST0071,TECH0101,NODE0065,Critical,In Progress,Service Outage,2023-10-16 00:00:00,
TICK00309,CUST0114,TECH0049,NODE0092,Low,Resolved,Configuration,2023-11-17 00:00:00,2023-12-14 00:00:00
TICK00310,CUST0167,TECH0090,NODE0043,Medium,Closed,Billing,2024-02-05 00:00:00,2024-02-19 00:00:00
TICK00311,CUST0196,TECH0187,NODE0154,High,In Progress,Connectivity,2023-11-22 00:00:00,
TICK00312,CUST0166,TECH0152,NODE0172,Critical,Resolved,Hardware Failure,2024-02-21 00:00:00,2024-03-08 00:00:00
TICK00313,CUST0157,TECH0118,NODE0045,Low,Resolved,Service Outage,2024-03-26 00:00:00,2024-03-31 00:00:00
TICK00314,CUST0111,TECH0131,NODE0022,Medium,Resolved,Configuration,2024-01-06 00:00:00,2024-02-03 00:00:00
TICK00315,CUST0097,TECH0183,NODE0117,High,Open,Billing,2023-12-05 00:00:00,
TICK00316,CUST0120,TECH0191,NODE0036,Critical,Resolved,Connectivity,2023-12-06 00:00:00,2023-12-15 00:00:00
TICK00317,CUST0103,TECH0111,NODE0065,Low,In Progress,Hardware Failure,2023-12-11 00:00:00,
TICK00318,CUST0187,TECH0186,NODE0178,Medium,Closed,Service Outage,2024-01-05 00:00:00,2024-01-26 00:00:00
TICK00319,CUST0198,TECH0008,NODE0196,High,Resolved,Configuration,2024-02-27 00:00:00,2024-03-01 00:00:00
TICK00320,CUST0161,TECH0114,NODE0051,Critical,Open,Billing,2024-02-23 00:00:00,
TICK00321,CUST0137,TECH0148,NODE0180,Low,In Progress,Connectivity,2023-10-04 00:00:00,
TICK00322,CUST0187,TECH0123,NODE0006,Medium,Resolved,Hardware Failure,2024-03-09 00:00:00,2024-03-26 00:00:00
TICK00323,CUST0134,TECH0107,NODE0198,High,In Progress,Service Outage,2024-02-24 00:00:00,
TICK00324,CUST0139,TECH0193,NODE0060,Critical,In Progress,Configuration,2023-10-11 00:00:00,
TICK00325,CUST0007,TECH0100,NODE0111,Low,In Progress,Billing,2024-01-05 00:00:00,
TICK00326,CUST0076,TECH0120,NODE0019,Medium,In Progress,Connectivity,2023-10-25 00:00:00,
TICK00327,CUST0024,TECH0039,NODE0143,High,In Progress,Hardware Failure,2023-12-25 00:00:00,
TICK00328,CUST0018,TECH0017,NODE0177,Critical,Resolved,Service Outage,2023-10-31 00:00:00,2023-11-26 00:00:00
TICK00329,CUST0116,TECH0024,NODE0192,Low,Closed,Configuration,2023-12-17 00:00:00,2023-12-23 00:00:00
TICK00330,CUST0087,TECH0119,NODE0024,Medium,In Progress,Billing,2024-01-03 00:00:00,
TICK00331,CUST0100,TECH0191,NODE0029,High,Open,Connectivity,2024-03-23 00:00:00,
TICK00332,CUST0186,TECH0136,NODE0037,Critical,Resolved,Hardware Failure,2023-11-12 00:00:00,2023-11-25 00:00:00
TICK00333,CUST0123,TECH0049,NODE0028,Low,Resolved,Service Outage,2023-12-28 00:00:00,2024-01-02 00:00:00
TICK00334,CUST0186,TECH0113,NODE0134,Medium,In Progress,Configuration,2024-02-23 00:00:00,
TICK00335,CUST0116,TECH0149,NODE0008,High,Open,Billing,2023-12-25 00:00:00,
TICK00336,CUST0097,TECH0062,NODE0046,Critical,Open,Connectivity,2024-03-22 00:00:00,
TICK00337,CUST0002,TECH0044,NODE0093,Low,In Progress,Hardware Failure,2023-11-14 00:00:00,
TICK00338,CUST0069,TECH0052,NODE0079,Medium,In Progress,Service Outage,2024-01-01 00:00:00,
TICK00339,CUST0074,TECH0116,NODE0046,High,Open,Configuration,2023-10-21 00:00:00,
TICK00340,CUST0183,TECH0106,NODE0043,Critical,Resolved,Billing,2023-10-28 00:00:00,2023-10-29 00:00:00
TICK00341,CUST0017,TECH0109,NODE0066,Low,In Progress,Connectivity,2024-01-28 00:00:00,
TICK00342,CUST0186,TECH0090,NODE0010,Medium,In Progress,Hardware Failure,2023-10-13 00:00:00,
TICK00343,CUST0170,TECH0029,NODE0182,High,Resolved,Service Outage,2024-03-09 00:00:00,2024-03-30 00:00:00
TICK00344,CUST0031,TECH0147,NODE0127,Critical,Open,Configuration,2023-11-29 00:00:00,
TICK00345,CUST0146,TECH0149,NODE0073,Low,Open,Billing,2024-03-30 00:00:00,
TICK00346,CUST0199,TECH0069,NODE0029,Medium,Resolved,Connectivity,2024-03-22 00:00:00,2024-03-31 00:00:00
TICK00347,CUST0066,TECH0174,NODE0175,High,Resolved,Hardware Failure,2023-10-12 00:00:00,2023-11-04 00:00:00
TICK00348,CUST0042,TECH0104,NODE0097,Critical,Resolved,Service Outage,2024-01-03 00:00:00,2024-01-14 00:00:00
TICK00349,CUST0181,TECH0054,NODE0173,Low,Open,Configuration,2023-11-07 00:00:00,
TICK00350,CUST0055,TECH0048,NODE0071,Medium,Resolved,Billing,2024-03-10 00:00:00,2024-03-21 00:00:00
TICK00351,CUST0084,TECH0008,NODE0166,High,Open,Connectivity,2023-10-26 00:00:00,
TICK00352,CUST0053,TECH0082,NODE0133,Critical,In Progress,Hardware Failure,2023-11-11 00:00:00,
TICK00353,CUST0088,TECH0132,NODE0130,Low,In Progress,Service Outage,2023-10-01 00:00:00,
TICK00354,CUST0158,TECH0144,NODE0048,Medium,Resolved,Configuration,2024-03-14 00:00:00,2024-03-30 00:00:00
TICK00355,CUST0029,TECH0074,NODE0124,High,Resolved,Billing,2024-02-04 00:00:00,2024-02-29 00:00:00
TICK00356,CUST0165,TECH0037,NODE0032,Critical,In Progress,Connectivity,2024-01-12 00:00:00,
TICK00357,CUST0114,TECH0015,NODE0092,Low,Open,Hardware Failure,2024-03-10 00:00:00,
TICK00358,CUST0181,TECH0065,NODE0093,Medium,Closed,Service Outage,2024-01-04 00:00:00,2024-01-30 00:00:00
TICK00359,CUST0142,TECH0114,NODE0093,High,Open,Configuration,2024-01-20 00:00:00,
TICK00360,CUST0057,TECH0016,NODE0096,Critical,In Progress,Billing,2023-12-06 00:00:00,
TICK00361,CUST0012,TECH0025,NODE0090,Low,Open,Connectivity,2024-02-29 00:00:00,
TICK00362,CUST0058,TECH0163,NODE0051,Medium,Closed,Hardware Failure,2024-01-22 00:00:00,2024-02-19 00:00:00
TICK00363,CUST0112,TECH0064,NODE0093,High,Resolved,Service Outage,2023-10-04 00:00:00,2023-11-01 00:00:00
TICK00364,CUST0113,TECH0076,NODE0173,Critical,Resolved,Configuration,2023-11-16 00:00:00,2023-12-13 00:00:00
TICK00365,CUST0014,TECH0033,NODE0080,Low,Resolved,Billing,2023-11-30 00:00:00,2023-12-08 00:00:00
TICK00366,CUST0029,TECH0096,NODE0187,Medium,Closed,Connectivity,2024-01-19 00:00:00,2024-02-10 00:00:00
TICK00367,CUST0147,TECH0159,NODE0142,High,Closed,Hardware Failure,2024-01-16 00:00:00,2024-01-31 00:00:00
TICK00368,CUST0121,TECH0059,NODE0193,Critical,Open,Service Outage,2024-03-22 00:00:00,
TICK00369,CUST0095,TECH0007,NODE0169,Low,Resolved,Configuration,2024-01-19 00:00:00,2024-01-27 00:00:00
TICK00370,CUST0137,TECH0077,NODE0090,Medium,Resolved,Billing,2023-11-30 00:00:00,2023-12-22 00:00:00
TICK00371,CUST0005,TECH0197,NODE0155,High,Resolved,Connectivity,2023-10-16 00:00:00,2023-10-29 00:00:00
TICK00372,CUST0001,TECH0194,NODE0132,Critical,Resolved,Hardware Failure,2024-03-21 00:00:00,2024-03-26 00:00:00
TICK00373,CUST0031,TECH0115,NODE0089,Low,Resolved,Service Outage,2023-11-19 00:00:00,2023-12-12 00:00:00
TICK00374,CUST0113,TECH0060,NODE0104,Medium,Resolved,Configuration,2024-01-04 00:00:00,2024-01-07 00:00:00
TICK00375,CUST0027,TECH0039,NODE0085,High,In Progress,Billing,2023-10-01 00:00:00,
TICK00376,CUST0199,TECH0033,NODE0112,Critical,Open,Connectivity,2023-10-19 00:00:00,
TICK00377,CUST0119,TECH0187,NODE0053,Low,Open,Hardware Failure,2024-03-06 00:00:00,
TICK00378,CUST0053,TECH0116,NODE0109,Medium,Resolved,Service Outage,2023-11-10 00:00:00,2023-12-09 00:00:00
TICK00379,CUST0180,TECH0115,NODE0130,High,Resolved,Configuration,2023-12-19 00:00:00,2024-01-04 00:00:00
TICK00380,CUST0139,TECH0097,NODE0069,Critical,In Progress,Billing,2024-01-29 00:00:00,
TICK00381,CUST0160,TECH0120,NODE0060,Low,Resolved,Connectivity,2024-01-11 00:00:00,2024-01-22 00:00:00
TICK00382,CUST0198,TECH0074,NODE0029,Medium,Closed,Hardware Failure,2024-02-15 00:00:00,2024-02-24 00:00:00
TICK00383,CUST0192,TECH0077,NODE0193,High,In Progress,Service Outage,2023-10-09 00:00:00,
TICK00384,CUST0102,TECH0079,NODE0141,Critical,Open,Configuration,2024-02-05 00:00:00,
TICK00385,CUST0123,TECH0061,NODE0025,Low,Resolved,Billing,2023-11-20 00:00:00,2023-12-05 00:00:00
TICK00386,CUST0181,TECH0073,NODE0184,Medium,In Progress,Connectivity,2023-12-02 00:00:00,
TICK00387,CUST0014,TECH0188,NODE0087,High,Resolved,Hardware Failure,2024-01-22 00:00:00,2024-01-26 00:00:00
TICK00388,CUST0186,TECH0068,NODE0114,Critical,Closed,Service Outage,2024-01-12 00:00:00,2024-02-04 00:00:00
TICK00389,CUST0034,TECH0066,NODE0023,Low,Open,Configuration,2023-12-18 00:00:00,
TICK00390,CUST0200,TECH0144,NODE0034,Medium,Resolved,Billing,2024-02-09 00:00:00,2024-03-08 00:00:00
TICK00391,CUST0015,TECH0046,NODE0175,High,Resolved,Connectivity,2024-03-20 00:00:00,2024-03-28 00:00:00
TICK00392,CUST0041,TECH0114,NODE0131,Critical,In Progress,Hardware Failure,2023-10-07 00:00:00,
TICK00393,CUST0117,TECH0126,NODE0163,Low,In Progress,Service Outage,2024-01-17 00:00:00,
TICK00394,CUST0011,TECH0077,NODE0129,Medium,Open,Configuration,2024-02-03 00:00:00,
TICK00395,CUST0132,TECH0029,NODE0157,High,Open,Billing,2024-02-07 00:00:00,
TICK00396,CUST0115,TECH0138,NODE0165,Critical,Open,Connectivity,2024-01-11 00:00:00,
TICK00397,CUST0112,TECH0104,NODE0060,Low,In Progress,Hardware Failure,2024-03-27 00:00:00,
TICK00398,CUST0004,TECH0009,NODE0130,Medium,Resolved,Service Outage,2023-11-20 00:00:00,2023-12-05 00:00:00
TICK00399,CUST0133,TECH0158,NODE0046,High,Resolved,Configuration,2023-12-08 00:00:00,2023-12-28 00:00:00
TICK00400,CUST0045,TECH0053,NODE0117,Critical,In Progress,Billing,2023-10-25 00:00:00,
TICK00401,CUST0033,TECH0150,NODE0090,Low,Closed,Connectivity,2023-10-30 00:00:00,2023-11-03 00:00:00
TICK00402,CUST0084,TECH0129,NODE0142,Medium,In Progress,Hardware Failure,2023-11-18 00:00:00,
TICK00403,CUST0165,TECH0159,NODE0123,High,Resolved,Service Outage,2023-12-30 00:00:00,2024-01-29 00:00:00
TICK00404,CUST0110,TECH0069,NODE0176,Critical,Resolved,Configuration,2024-01-27 00:00:00,2024-02-04 00:00:00
TICK00405,CUST0062,TECH0058,NODE0117,Low,Resolved,Billing,2024-02-08 00:00:00,2024-03-03 00:00:00
TICK00406,CUST0139,TECH0102,NODE0062,Medium,Open,Connectivity,2023-11-30 00:00:00,
TICK00407,CUST0179,TECH0149,NODE0099,High,In Progress,Hardware Failure,2024-03-16 00:00:00,
TICK00408,CUST0143,TECH0049,NODE0092,Critical,Closed,Service Outage,2023-11-29 00:00:00,2023-12-03 00:00:00
TICK00409,CUST0102,TECH0170,NODE0041,Low,Resolved,Configuration,2023-11-14 00:00:00,2023-12-01 00:00:00
TICK00410,CUST0030,TECH0075,NODE0090,Medium,Resolved,Billing,2024-03-24 00:00:00,2024-03-31 00:00:00
TICK00411,CUST0115,TECH0001,NODE0164,High,In Progress,Connectivity,2023-12-24 00:00:00,
TICK00412,CUST0042,TECH0196,NODE0163,Critical,Closed,Hardware Failure,2023-12-23 00:00:00,2024-01-02 00:00:00
TICK00413,CUST0049,TECH0074,NODE0182,Low,Resolved,Service Outage,2024-02-18 00:00:00,2024-02-20 00:00:00
TICK00414,CUST0155,TECH0196,NODE0035,Medium,In Progress,Configuration,2024-02-21 00:00:00,
TICK00415,CUST0039,TECH0058,NODE0008,High,Closed,Billing,2023-12-19 00:00:00,2024-01-10 00:00:00
TICK00416,CUST0127,TECH0142,NODE0087,Critical,Open,Connectivity,2024-03-04 00:00:00,
TICK00417,CUST0094,TECH0102,NODE0032,Low,In Progress,Hardware Failure,2024-02-10 00:00:00,
TICK00418,CUST0143,TECH0186,NODE0128,Medium,In Progress,Service Outage,2023-11-02 00:00:00,
TICK00419,CUST0170,TECH0172,NODE0106,High,In Progress,Configuration,2023-10-29 00:00:00,
TICK00420,CUST0199,TECH0051,NODE0194,Critical,Resolved,Billing,2024-01-10 00:00:00,2024-02-06 00:00:00
TICK00421,CUST0119,TECH0011,NODE0056,Low,In Progress,Connectivity,2024-03-21 00:00:00,
TICK00422,CUST0186,TECH0137,NODE0138,Medium,Resolved,Hardware Failure,2024-03-18 00:00:00,2024-03-27 00:00:00
TICK00423,CUST0191,TECH0175,NODE0140,High,Open,Service Outage,2023-11-06 00:00:00,
TICK00424,CUST0040,TECH0012,NODE0072,Critical,Resolved,Configuration,2023-12-22 00:00:00,2024-01-12 00:00:00
TICK00425,CUST0122,TECH0139,NODE0140,Low,Resolved,Billing,2024-01-14 00:00:00,2024-01-15 00:00:00
TICK00426,CUST0126,TECH0093,NODE0093,Medium,Open,Connectivity,2024-01-21 00:00:00,
TICK00427,CUST0180,TECH0139,NODE0151,High,Resolved,Hardware Failure,2023-11-21 00:00:00,2023-11-29 00:00:00
TICK00428,CUST0021,TECH0076,NODE0019,Critical,In Progress,Service Outage,2023-10-14 00:00:00,
TICK00429,CUST0177,TECH0130,NODE0053,Low,Closed,Configuration,2023-11-25 00:00:00,2023-12-12 00:00:00
TICK00430,CUST0061,TECH0125,NODE0184,Medium,Closed,Billing,2023-10-18 00:00:00,2023-10-20 00:00:00
TICK00431,CUST0017,TECH0046,NODE0106,High,Resolved,Connectivity,2024-02-20 00:00:00,2024-02-23 00:00:00
TICK00432,CUST0053,TECH0012,NODE0188,Critical,Resolved,Hardware Failure,2024-03-07 00:00:00,2024-03-29 00:00:00
TICK00433,CUST0088,TECH0133,NODE0175,Low,In Progress,Service Outage,2024-01-28 00:00:00,
TICK00434,CUST0078,TECH0058,NODE0156,Medium,Resolved,Configuration,2024-03-14 00:00:00,2024-03-30 00:00:00
TICK00435,CUST0138,TECH0100,NODE0136,High,In Progress,Billing,2024-01-18 00:00:00,
TICK00436,CUST0055,TECH0048,NODE0041,Critical,Closed,Connectivity,2024-03-07 00:00:00,2024-03-19 00:00:00
TICK00437,CUST0075,TECH0046,NODE0079,Low,Open,Hardware Failure,2023-12-19 00:00:00,
TICK00438,CUST0028,TECH0189,NODE0061,Medium,In Progress,Service Outage,2023-12-12 00:00:00,
TICK00439,CUST0197,TECH0183,NODE0092,High,Open,Configuration,2023-11-10 00:00:00,
TICK00440,CUST0017,TECH0160,NODE0181,Critical,Resolved,Billing,2023-10-18 00:00:00,2023-10-31 00:00:00
TICK00441,CUST0071,TECH0190,NODE0168,Low,Resolved,Connectivity,2024-03-17 00:00:00,2024-03-31 00:00:00
TICK00442,CUST0089,TECH0170,NODE0121,Medium,Open,Hardware Failure,2024-01-10 00:00:00,
TICK00443,CUST0014,TECH0146,NODE0118,High,Resolved,Service Outage,2023-10-07 00:00:00,2023-10-30 00:00:00
TICK00444,CUST0149,TECH0149,NODE0127,Critical,Resolved,Configuration,2023-11-11 00:00:00,2023-12-06 00:00:00
TICK00445,CUST0119,TECH0174,NODE0009,Low,Closed,Billing,2024-02-24 00:00:00,2024-03-17 00:00:00
TICK00446,CUST0111,TECH0037,NODE0197,Medium,Closed,Connectivity,2023-12-16 00:00:00,2024-01-14 00:00:00
TICK00447,CUST0129,TECH0194,NODE0101,High,Open,Hardware Failure,2023-10-28 00:00:00,
TICK00448,CUST0051,TECH0132,NODE0135,Critical,In Progress,Service Outage,2024-02-17 00:00:00,
TICK00449,CUST0124,TECH0137,NODE0049,Low,Resolved,Configuration,2024-01-07 00:00:00,2024-01-28 00:00:00
TICK00450,CUST0006,TECH0090,NODE0116,Medium,Open,Billing,2023-10-11 00:00:00,
TICK00451,CUST0103,TECH0131,NODE0187,High,Resolved,Connectivity,2024-02-20 00:00:00,2024-03-10 00:00:00
TICK00452,CUST0080,TECH0043,NODE0051,Critical,Resolved,Hardware Failure,2024-02-25 00:00:00,2024-02-26 00:00:00
TICK00453,CUST0001,TECH0033,NODE0003,Low,Resolved,Service Outage,2024-03-12 00:00:00,2024-03-31 00:00:00
TICK00454,CUST0081,TECH0196,NODE0006,Medium,Open,Configuration,2024-01-01 00:00:00,
TICK00455,CUST0076,TECH0116,NODE0039,High,In Progress,Billing,2023-10-04 00:00:00,
TICK00456,CUST0057,TECH0154,NODE0135,Critical,In Progress,Connectivity,2024-03-07 00:00:00,
TICK00457,CUST0091,TECH0049,NODE0052,Low,Resolved,Hardware Failure,2024-01-12 00:00:00,2024-01-25 00:00:00
TICK00458,CUST0169,TECH0195,NODE0136,Medium,Open,Service Outage,2023-10-21 00:00:00,
TICK00459,CUST0040,TECH0149,NODE0087,High,In Progress,Configuration,2023-12-26 00:00:00,
TICK00460,CUST0127,TECH0162,NODE0005,Critical,Resolved,Billing,2024-02-04 00:00:00,2024-02-21 00:00:00
TICK00461,CUST0173,TECH0016,NODE0044,Low,Resolved,Connectivity,2023-10-02 00:00:00,2023-11-01 00:00:00
TICK00462,CUST0135,TECH0057,NODE0007,Medium,Resolved,Hardware Failure,2024-01-29 00:00:00,2024-02-12 00:00:00
TICK00463,CUST0070,TECH0120,NODE0167,High,Resolved,Service Outage,2024-02-09 00:00:00,2024-03-08 00:00:00
TICK00464,CUST0171,TECH0120,NODE0096,Critical,Resolved,Configuration,2023-10-10 00:00:00,2023-10-25 00:00:00
TICK00465,CUST0163,TECH0175,NODE0150,Low,Resolved,Billing,2023-10-06 00:00:00,2023-10-31 00:00:00
TICK00466,CUST0023,TECH0086,NODE0071,Medium,Closed,Connectivity,2024-03-09 00:00:00,2024-03-24 00:00:00
TICK00467,CUST0007,TECH0097,NODE0131,High,Closed,Hardware Failure,2023-10-31 00:00:00,2023-11-17 00:00:00
TICK00468,CUST0057,TECH0169,NODE0157,Critical,In Progress,Service Outage,2023-12-18 00:00:00,
TICK00469,CUST0072,TECH0160,NODE0179,Low,Open,Configuration,2024-01-19 00:00:00,
TICK00470,CUST0170,TECH0012,NODE0052,Medium,In Progress,Billing,2024-02-07 00:00:00,
TICK00471,CUST0039,TECH0048,NODE0183,High,In Progress,Connectivity,2024-02-23 00:00:00,
TICK00472,CUST0078,TECH0139,NODE0135,Critical,In Progress,Hardware Failure,2023-12-06 00:00:00,
TICK00473,CUST0068,TECH0092,NODE0158,Low,Resolved,Service Outage,2023-11-21 00:00:00,2023-11-29 00:00:00
TICK00474,CUST0171,TECH0164,NODE0065,Medium,In Progress,Configuration,2024-03-25 00:00:00,
TICK00475,CUST0093,TECH0179,NODE0127,High,Open,Billing,2023-12-25 00:00:00,
TICK00476,CUST0006,TECH0172,NODE0058,Critical,In Progress,Connectivity,2023-10-19 00:00:00,
TICK00477,CUST0116,TECH0048,NODE0177,Low,Open,Hardware Failure,2024-01-14 00:00:00,
TICK00478,CUST0025,TECH0048,NODE0022,Medium,In Progress,Service Outage,2023-10-10 00:00:00,
TICK00479,CUST0104,TECH0200,NODE0105,High,Resolved,Configuration,2024-03-14 00:00:00,2024-03-31 00:00:00
TICK00480,CUST0133,TECH0119,NODE0059,Critical,In Progress,Billing,2023-11-01 00:00:00,
TICK00481,CUST0089,TECH0039,NODE0075,Low,Resolved,Connectivity,2023-10-27 00:00:00,2023-11-23 00:00:00
TICK00482,CUST0075,TECH0028,NODE0020,Medium,In Progress,Hardware Failure,2023-10-10 00:00:00,
TICK00483,CUST0134,TECH0082,NODE0144,High,In Progress,Service Outage,2023-10-07 00:00:00,
TICK00484,CUST0063,TECH0096,NODE0150,Critical,Resolved,Configuration,2023-12-23 00:00:00,2024-01-08 00:00:00
TICK00485,CUST0047,TECH0045,NODE0025,Low,Resolved,Billing,2024-02-19 00:00:00,2024-02-21 00:00:00
TICK00486,CUST0089,TECH0176,NODE0118,Medium,Resolved,Connectivity,2023-12-16 00:00:00,2023-12-18 00:00:00
TICK00487,CUST0029,TECH0012,NODE0044,High,Closed,Hardware Failure,2023-10-15 00:00:00,2023-10-24 00:00:00
TICK00488,CUST0072,TECH0003,NODE0111,Critical,Closed,Service Outage,2023-11-21 00:00:00,2023-12-08 00:00:00
TICK00489,CUST0106,TECH0104,NODE0094,Low,Resolved,Configuration,2024-03-06 00:00:00,2024-03-31 00:00:00
TICK00490,CUST0161,TECH0164,NODE0193,Medium,Closed,Billing,2024-03-29 00:00:00,2024-03-30 00:00:00
TICK00491,CUST0140,TECH0137,NODE0137,High,Open,Connectivity,2023-10-23 00:00:00,
TICK00492,CUST0089,TECH0120,NODE0039,Critical,In Progress,Hardware Failure,2024-02-14 00:00:00,
TICK00493,CUST0083,TECH0119,NODE0120,Low,Open,Service Outage,2023-10-26 00:00:00,
TICK00494,CUST0029,TECH0176,NODE0092,Medium,Resolved,Configuration,2023-11-12 00:00:00,2023-11-23 00:00:00
TICK00495,CUST0134,TECH0144,NODE0057,High,Open,Billing,2024-03-26 00:00:00,
TICK00496,CUST0090,TECH0026,NODE0199,Critical,In Progress,Connectivity,2023-11-13 00:00:00,
TICK00497,CUST0087,TECH0144,NODE0013,Low,Resolved,Hardware Failure,2024-03-22 00:00:00,2024-03-26 00:00:00
TICK00498,CUST0036,TECH0101,NODE0097,Medium,In Progress,Service Outage,2024-02-05 00:00:00,
TICK00499,CUST0150,TECH0092,NODE0105,High,In Progress,Configuration,2024-03-02 00:00:00,
TICK00500,CUST0164,TECH0032,NODE0054,Critical,Open,Billing,2023-12-04 00:00:00,
TICK00501,CUST0145,TECH0106,NODE0117,Low,In Progress,Connectivity,2024-01-21 00:00:00,
TICK00502,CUST0057,TECH0008,NODE0145,Medium,Open,Hardware Failure,2024-03-02 00:00:00,
TICK00503,CUST0133,TECH0082,NODE0018,High,Resolved,Service Outage,2023-12-04 00:00:00,2023-12-28 00:00:00
TICK00504,CUST0181,TECH0102,NODE0113,Critical,In Progress,Configuration,2023-11-06 00:00:00,
TICK00505,CUST0167,TECH0046,NODE0108,Low,In Progress,Billing,2024-03-10 00:00:00,
TICK00506,CUST0036,TECH0191,NODE0060,Medium,Closed,Connectivity,2023-10-13 00:00:00,2023-11-05 00:00:00
TICK00507,CUST0159,TECH0165,NODE0066,High,Resolved,Hardware Failure,2023-10-17 00:00:00,2023-11-10 00:00:00
TICK00508,CUST0028,TECH0027,NODE0089,Critical,Resolved,Service Outage,2023-11-24 00:00:00,2023-11-25 00:00:00
TICK00509,CUST0160,TECH0034,NODE0089,Low,In Progress,Configuration,2023-10-13 00:00:00,
TICK00510,CUST0104,TECH0094,NODE0025,Medium,In Progress,Billing,2023-10-17 00:00:00,
TICK00511,CUST0184,TECH0076,NODE0176,High,Open,Connectivity,2023-11-14 00:00:00,
TICK00512,CUST0077,TECH0130,NODE0046,Critical,Open,Hardware Failure,2023-12-05 00:00:00,
TICK00513,CUST0200,TECH0165,NODE0172,Low,Closed,Service Outage,2023-12-22 00:00:00,2024-01-21 00:00:00
TICK00514,CUST0029,TECH0002,NODE0072,Medium,Open,Configuration,2024-01-28 00:00:00,
TICK00515,CUST0040,TECH0152,NODE0091,High,Closed,Billing,2024-02-17 00:00:00,2024-03-01 00:00:00
TICK00516,CUST0091,TECH0124,NODE0088,Critical,In Progress,Connectivity,2023-11-17 00:00:00,
TICK00517,CUST0112,TECH0142,NODE0073,Low,Open,Hardware Failure,2024-02-27 00:00:00,
TICK00518,CUST0016,TECH0025,NODE0168,Medium,In Progress,Service Outage,2024-01-28 00:00:00,
TICK00519,CUST0037,TECH0166,NODE0193,High,Open,Configuration,2024-02-07 00:00:00,
TICK00520,CUST0199,TECH0050,NODE0127,Critical,Resolved,Billing,2023-11-27 00:00:00,2023-12-04 00:00:00
TICK00521,CUST0135,TECH0120,NODE0181,Low,Closed,Connectivity,2024-02-03 00:00:00,2024-02-07 00:00:00
TICK00522,CUST0134,TECH0200,NODE0084,Medium,In Progress,Hardware Failure,2023-11-27 00:00:00,
TICK00523,CUST0182,TECH0112,NODE0176,High,In Progress,Service Outage,2023-11-05 00:00:00,
TICK00524,CUST0184,TECH0101,NODE0056,Critical,Resolved,Configuration,2024-03-01 00:00:00,2024-03-09 00:00:00
TICK00525,CUST0013,TECH0186,NODE0085,Low,In Progress,Billing,2023-10-29 00:00:00,
TICK00526,CUST0181,TECH0036,NODE0192,Medium,In Progress,Connectivity,2024-03-22 00:00:00,
TICK00527,CUST0190,TECH0125,NODE0076,High,Resolved,Hardware Failure,2024-01-14 00:00:00,2024-02-08 00:00:00
TICK00528,CUST0150,TECH0116,NODE0024,Critical,Resolved,Service Outage,2024-01-25 00:00:00,2024-02-11 00:00:00
TICK00529,CUST0052,TECH0199,NODE0116,Low,Open,Configuration,2023-12-29 00:00:00,
TICK00530,CUST0063,TECH0153,NODE0018,Medium,Resolved,Billing,2024-02-02 00:00:00,2024-02-05 00:00:00
TICK00531,CUST0076,TECH0189,NODE0139,High,In Progress,Connectivity,2024-01-23 00:00:00,
TICK00532,CUST0034,TECH0051,NODE0074,Critical,Open,Hardware Failure,2024-02-22 00:00:00,
TICK00533,CUST0141,TECH0018,NODE0121,Low,Resolved,Service Outage,2024-03-05 00:00:00,2024-03-29 00:00:00
TICK00534,CUST0085,TECH0054,NODE0096,Medium,Closed,Configuration,2024-01-19 00:00:00,2024-02-01 00:00:00
TICK00535,CUST0002,TECH0176,NODE0070,High,Open,Billing,2024-01-22 00:00:00,
TICK00536,CUST0046,TECH0169,NODE0123,Critical,Open,Connectivity,2023-10-23 00:00:00,
TICK00537,CUST0092,TECH0198,NODE0032,Low,In Progress,Hardware Failure,2023-10-09 00:00:00,
TICK00538,CUST0165,TECH0036,NODE0164,Medium,Open,Service Outage,2024-03-13 00:00:00,
TICK00539,CUST0198,TECH0163,NODE0007,High,Open,Configuration,2024-02-10 00:00:00,
TICK00540,CUST0175,TECH0133,NODE0169,Critical,In Progress,Billing,2024-03-28 00:00:00,
TICK00541,CUST0099,TECH0060,NODE0065,Low,In Progress,Connectivity,2024-03-29 00:00:00,
TICK00542,CUST0082,TECH0157,NODE0117,Medium,In Progress,Hardware Failure,2023-12-31 00:00:00,
TICK00543,CUST0022,TECH0027,NODE0189,High,In Progress,Service Outage,2024-01-21 00:00:00,
TICK00544,CUST0096,TECH0051,NODE0033,Critical,Resolved,Configuration,2023-11-26 00:00:00,2023-12-07 00:00:00
TICK00545,CUST0009,TECH0026,NODE0013,Low,In Progress,Billing,2024-03-25 00:00:00,
TICK00546,CUST0191,TECH0090,NODE0007,Medium,Resolved,Connectivity,2023-12-30 00:00:00,2024-01-10 00:00:00
TICK00547,CUST0157,TECH0109,NODE0106,High,Resolved,Hardware Failure,2023-12-06 00:00:00,2023-12-27 00:00:00
TICK00548,CUST0015,TECH0119,NODE0154,Critical,In Progress,Service Outage,2023-12-22 00:00:00,
TICK00549,CUST0200,TECH0133,NODE0003,Low,Resolved,Configuration,2023-11-30 00:00:00,2023-12-16 00:00:00
TICK00550,CUST0156,TECH0115,NODE0101,Medium,In Progress,Billing,2023-12-10 00:00:00,
TICK00551,CUST0083,TECH0038,NODE0073,High,Resolved,Connectivity,2023-10-01 00:00:00,2023-10-09 00:00:00
TICK00552,CUST0103,TECH0038,NODE0002,Critical,In Progress,Hardware Failure,2023-12-27 00:00:00,
TICK00553,CUST0150,TECH0184,NODE0089,Low,Open,Service Outage,2024-02-15 00:00:00,
TICK00554,CUST0140,TECH0023,NODE0072,Medium,Resolved,Configuration,2023-11-03 00:00:00,2023-11-29 00:00:00
TICK00555,CUST0003,TECH0090,NODE0129,High,Closed,Billing,2023-11-11 00:00:00,2023-12-03 00:00:00
TICK00556,CUST0185,TECH0181,NODE0119,Critical,Open,Connectivity,2023-11-20 00:00:00,
TICK00557,CUST0134,TECH0133,NODE0016,Low,Open,Hardware Failure,2024-01-18 00:00:00,
TICK00558,CUST0147,TECH0004,NODE0152,Medium,Closed,Service Outage,2024-03-15 00:00:00,2024-03-16 00:00:00
TICK00559,CUST0192,TECH0125,NODE0115,High,Open,Configuration,2024-01-02 00:00:00,
TICK00560,CUST0170,TECH0134,NODE0050,Critical,Resolved,Billing,2024-03-15 00:00:00,2024-03-31 00:00:00
TICK00561,CUST0192,TECH0089,NODE0043,Low,Resolved,Connectivity,2023-12-14 00:00:00,2023-12-31 00:00:00
TICK00562,CUST0057,TECH0098,NODE0083,Medium,Closed,Hardware Failure,2024-02-07 00:00:00,2024-03-07 00:00:00
TICK00563,CUST0018,TECH0074,NODE0017,High,Resolved,Service Outage,2024-01-22 00:00:00,2024-02-17 00:00:00
TICK00564,CUST0100,TECH0017,NODE0033,Critical,Resolved,Configuration,2024-01-01 00:00:00,2024-01-30 00:00:00
TICK00565,CUST0074,TECH0038,NODE0012,Low,Open,Billing,2023-11-06 00:00:00,
TICK00566,CUST0046,TECH0029,NODE0050,Medium,Open,Connectivity,2023-12-19 00:00:00,
TICK00567,CUST0144,TECH0117,NODE0132,High,Resolved,Hardware Failure,2024-03-05 00:00:00,2024-03-12 00:00:00
TICK00568,CUST0140,TECH0062,NODE0031,Critical,Closed,Service Outage,2023-10-21 00:00:00,2023-11-19 00:00:00
TICK00569,CUST0141,TECH0142,NODE0147,Low,Resolved,Configuration,2024-03-28 00:00:00,2024-03-31 00:00:00
TICK00570,CUST0033,TECH0179,NODE0007,Medium,In Progress,Billing,2023-10-01 00:00:00,
TICK00571,CUST0155,TECH0047,NODE0050,High,Open,Connectivity,2023-10-31 00:00:00,
TICK00572,CUST0135,TECH0069,NODE0164,Critical,Resolved,Hardware Failure,2023-11-29 00:00:00,2023-12-04 00:00:00
TICK00573,CUST0158,TECH0088,NODE0015,Low,In Progress,Service Outage,2023-11-21 00:00:00,
TICK00574,CUST0025,TECH0033,NODE0065,Medium,Open,Configuration,2024-01-05 00:00:00,
TICK00575,CUST0182,TECH0124,NODE0065,High,Resolved,Billing,2023-10-13 00:00:00,2023-10-22 00:00:00
TICK00576,CUST0016,TECH0049,NODE0185,Critical,Resolved,Connectivity,2024-02-20 00:00:00,2024-03-17 00:00:00
TICK00577,CUST0069,TECH0043,NODE0018,Low,In Progress,Hardware Failure,2023-10-05 00:00:00,
TICK00578,CUST0125,TECH0073,NODE0030,Medium,Closed,Service Outage,2024-03-14 00:00:00,2024-03-31 00:00:00
TICK00579,CUST0114,TECH0178,NODE0055,High,Resolved,Configuration,2024-02-22 00:00:00,2024-03-04 00:00:00
TICK00580,CUST0072,TECH0148,NODE0100,Critical,Resolved,Billing,2024-01-28 00:00:00,2024-02-19 00:00:00
TICK00581,CUST0194,TECH0181,NODE0149,Low,Closed,Connectivity,2024-02-29 00:00:00,2024-03-04 00:00:00
TICK00582,CUST0162,TECH0037,NODE0174,Medium,Closed,Hardware Failure,2023-11-13 00:00:00,2023-12-13 00:00:00
TICK00583,CUST0011,TECH0107,NODE0084,High,Closed,Service Outage,2023-11-12 00:00:00,2023-11-24 00:00:00
TICK00584,CUST0055,TECH0034,NODE0152,Critical,Resolved,Configuration,2024-03-12 00:00:00,2024-03-23 00:00:00
TICK00585,CUST0059,TECH0158,NODE0071,Low,Resolved,Billing,2023-12-19 00:00:00,2023-12-20 00:00:00
TICK00586,CUST0157,TECH0036,NODE0171,Medium,In Progress,Connectivity,2023-10-21 00:00:00,
TICK00587,CUST0129,TECH0154,NODE0044,High,Closed,Hardware Failure,2024-01-28 00:00:00,2024-02-26 00:00:00
TICK00588,CUST0182,TECH0037,NODE0024,Critical,In Progress,Service Outage,2024-02-01 00:00:00,
TICK00589,CUST0001,TECH0090,NODE0196,Low,In Progress,Configuration,2024-02-06 00:00:00,
TICK00590,CUST0069,TECH0178,NODE0075,Medium,Resolved,Billing,2024-02-04 00:00:00,2024-02-28 00:00:00
TICK00591,CUST0123,TECH0150,NODE0085,High,Resolved,Connectivity,2024-01-11 00:00:00,2024-02-05 00:00:00
TICK00592,CUST0188,TECH0116,NODE0159,Critical,Resolved,Hardware Failure,2023-10-06 00:00:00,2023-10-12 00:00:00
TICK00593,CUST0075,TECH0030,NODE0199,Low,In Progress,Service Outage,2023-11-08 00:00:00,
TICK00594,CUST0055,TECH0174,NODE0089,Medium,Open,Configuration,2023-10-13 00:00:00,
TICK00595,CUST0065,TECH0053,NODE0048,High,Open,Billing,2024-01-13 00:00:00,
TICK00596,CUST0063,TECH0116,NODE0033,Critical,Closed,Connectivity,2023-10-07 00:00:00,2023-10-27 00:00:00
TICK00597,CUST0138,TECH0058,NODE0114,Low,In Progress,Hardware Failure,2024-01-11 00:00:00,
TICK00598,CUST0037,TECH0159,NODE0011,Medium,Open,Service Outage,2023-12-31 00:00:00,
TICK00599,CUST0073,TECH0116,NODE0072,High,Resolved,Configuration,2023-12-15 00:00:00,2023-12-24 00:00:00
TICK00600,CUST0108,TECH0115,NODE0104,Critical,Resolved,Billing,2024-01-27 00:00:00,2024-02-14 00:00:00
TICK00601,CUST0057,TECH0126,NODE0030,Low,In Progress,Connectivity,2024-03-23 00:00:00,
TICK00602,CUST0050,TECH0194,NODE0151,Medium,Resolved,Hardware Failure,2023-11-29 00:00:00,2023-12-23 00:00:00
TICK00603,CUST0004,TECH0179,NODE0043,High,Open,Service Outage,2024-01-15 00:00:00,
TICK00604,CUST0007,TECH0034,NODE0147,Critical,Resolved,Configuration,2024-03-09 00:00:00,2024-03-12 00:00:00
TICK00605,CUST0014,TECH0158,NODE0067,Low,Closed,Billing,2024-02-29 00:00:00,2024-03-19 00:00:00
TICK00606,CUST0110,TECH0187,NODE0099,Medium,Resolved,Connectivity,2023-12-21 00:00:00,2023-12-23 00:00:00
TICK00607,CUST0151,TECH0156,NODE0059,High,Open,Hardware Failure,2023-10-25 00:00:00,
TICK00608,CUST0065,TECH0077,NODE0094,Critical,In Progress,Service Outage,2024-02-29 00:00:00,
TICK00609,CUST0018,TECH0188,NODE0046,Low,Resolved,Configuration,2024-03-21 00:00:00,2024-03-31 00:00:00
TICK00610,CUST0064,TECH0025,NODE0046,Medium,Open,Billing,2024-02-21 00:00:00,
TICK00611,CUST0169,TECH0150,NODE0114,High,In Progress,Connectivity,2023-12-20 00:00:00,
TICK00612,CUST0057,TECH0175,NODE0019,Critical,In Progress,Hardware Failure,2024-01-07 00:00:00,
TICK00613,CUST0169,TECH0032,NODE0171,Low,Open,Service Outage,2023-12-30 00:00:00,
TICK00614,CUST0183,TECH0172,NODE0082,Medium,Closed,Configuration,2024-03-03 00:00:00,2024-03-16 00:00:00
TICK00615,CUST0073,TECH0023,NODE0079,High,Open,Billing,2024-01-20 00:00:00,
TICK00616,CUST0014,TECH0186,NODE0078,Critical,Open,Connectivity,2024-01-27 00:00:00,
TICK00617,CUST0139,TECH0104,NODE0197,Low,Resolved,Hardware Failure,2023-12-31 00:00:00,2024-01-09 00:00:00
TICK00618,CUST0001,TECH0122,NODE0199,Medium,Resolved,Service Outage,2024-02-13 00:00:00,2024-02-23 00:00:00
TICK00619,CUST0099,TECH0158,NODE0123,High,Resolved,Configuration,2024-02-26 00:00:00,2024-03-17 00:00:00
TICK00620,CUST0028,TECH0194,NODE0109,Critical,Resolved,Billing,2023-10-18 00:00:00,2023-11-08 00:00:00
TICK00621,CUST0199,TECH0194,NODE0188,Low,In Progress,Connectivity,2024-03-15 00:00:00,
TICK00622,CUST0174,TECH0025,NODE0177,Medium,Resolved,Hardware Failure,2024-02-14 00:00:00,2024-02-24 00:00:00
TICK00623,CUST0004,TECH0130,NODE0041,High,In Progress,Service Outage,2023-11-03 00:00:00,
TICK00624,CUST0009,TECH0050,NODE0057,Critical,Resolved,Configuration,2024-03-25 00:00:00,2024-03-31 00:00:00
TICK00625,CUST0013,TECH0162,NODE0128,Low,Resolved,Billing,2024-01-24 00:00:00,2024-02-14 00:00:00
TICK00626,CUST0186,TECH0079,NODE0147,Medium,Resolved,Connectivity,2024-02-23 00:00:00,2024-03-11 00:00:00
TICK00627,CUST0143,TECH0106,NODE0011,High,In Progress,Hardware Failure,2024-01-02 00:00:00,
TICK00628,CUST0048,TECH0123,NODE0085,Critical,Closed,Service Outage,2024-03-18 00:00:00,2024-03-31 00:00:00
TICK00629,CUST0168,TECH0136,NODE0186,Low,Closed,Configuration,2024-03-19 00:00:00,2024-03-31 00:00:00
TICK00630,CUST0071,TECH0189,NODE0106,Medium,Resolved,Billing,2023-12-31 00:00:00,2024-01-15 00:00:00
TICK00631,CUST0134,TECH0064,NODE0157,High,Resolved,Connectivity,2024-01-28 00:00:00,2024-01-31 00:00:00
TICK00632,CUST0141,TECH0068,NODE0049,Critical,Open,Hardware Failure,2023-11-21 00:00:00,
TICK00633,CUST0101,TECH0167,NODE0182,Low,Open,Service Outage,2023-12-04 00:00:00,
TICK00634,CUST0135,TECH0084,NODE0130,Medium,Resolved,Configuration,2024-01-12 00:00:00,2024-02-04 00:00:00
TICK00635,CUST0158,TECH0061,NODE0085,High,Closed,Billing,2023-12-03 00:00:00,2023-12-27 00:00:00
TICK00636,CUST0119,TECH0069,NODE0013,Critical,In Progress,Connectivity,2024-03-15 00:00:00,
TICK00637,CUST0016,TECH0077,NODE0041,Low,Resolved,Hardware Failure,2023-12-25 00:00:00,2024-01-05 00:00:00
TICK00638,CUST0117,TECH0056,NODE0116,Medium,In Progress,Service Outage,2023-12-28 00:00:00,
TICK00639,CUST0112,TECH0043,NODE0066,High,Open,Configuration,2023-11-16 00:00:00,
TICK00640,CUST0073,TECH0018,NODE0109,Critical,In Progress,Billing,2023-12-15 00:00:00,
TICK00641,CUST0156,TECH0078,NODE0183,Low,Open,Connectivity,2023-11-03 00:00:00,
TICK00642,CUST0006,TECH0016,NODE0007,Medium,Open,Hardware Failure,2024-01-26 00:00:00,
TICK00643,CUST0028,TECH0194,NODE0125,High,In Progress,Service Outage,2024-03-13 00:00:00,
TICK00644,CUST0098,TECH0174,NODE0112,Critical,Closed,Configuration,2024-02-21 00:00:00,2024-03-19 00:00:00
TICK00645,CUST0106,TECH0184,NODE0004,Low,In Progress,Billing,2024-01-05 00:00:00,
TICK00646,CUST0017,TECH0139,NODE0174,Medium,In Progress,Connectivity,2023-11-05 00:00:00,
TICK00647,CUST0066,TECH0158,NODE0105,High,Resolved,Hardware Failure,2023-10-27 00:00:00,2023-10-28 00:00:00
TICK00648,CUST0087,TECH0072,NODE0007,Critical,Closed,Service Outage,2024-02-07 00:00:00,2024-02-13 00:00:00
TICK00649,CUST0066,TECH0109,NODE0155,Low,Resolved,Configuration,2023-11-17 00:00:00,2023-11-25 00:00:00
TICK00650,CUST0042,TECH0006,NODE0083,Medium,Closed,Billing,2023-10-27 00:00:00,2023-11-08 00:00:00
TICK00651,CUST0119,TECH0186,NODE0200,High,In Progress,Connectivity,2023-10-19 00:00:00,
TICK00652,CUST0074,TECH0042,NODE0197,Critical,In Progress,Hardware Failure,2024-03-14 00:00:00,
TICK00653,CUST0071,TECH0156,NODE0176,Low,Open,Service Outage,2023-11-08 00:00:00,
TICK00654,CUST0007,TECH0080,NODE0186,Medium,In Progress,Configuration,2023-10-08 00:00:00,
TICK00655,CUST0003,TECH0084,NODE0015,High,Closed,Billing,2024-01-31 00:00:00,2024-02-03 00:00:00
TICK00656,CUST0059,TECH0026,NODE0030,Critical,Resolved,Connectivity,2024-01-18 00:00:00,2024-02-16 00:00:00
TICK00657,CUST0141,TECH0069,NODE0028,Low,Resolved,Hardware Failure,2023-12-31 00:00:00,2024-01-03 00:00:00
TICK00658,CUST0181,TECH0037,NODE0095,Medium,Open,Service Outage,2023-10-14 00:00:00,
TICK00659,CUST0160,TECH0126,NODE0032,High,In Progress,Configuration,2024-02-18 00:00:00,
TICK00660,CUST0157,TECH0199,NODE0061,Critical,Open,Billing,2024-03-24 00:00:00,
TICK00661,CUST0097,TECH0032,NODE0172,Low,In Progress,Connectivity,2024-01-19 00:00:00,
TICK00662,CUST0143,TECH0051,NODE0080,Medium,In Progress,Hardware Failure,2023-12-03 00:00:00,
TICK00663,CUST0133,TECH0190,NODE0061,High,In Progress,Service Outage,2023-12-12 00:00:00,
TICK00664,CUST0079,TECH0164,NODE0146,Critical,Open,Configuration,2023-11-26 00:00:00,
TICK00665,CUST0088,TECH0075,NODE0130,Low,In Progress,Billing,2024-01-25 00:00:00,
TICK00666,CUST0150,TECH0090,NODE0060,Medium,Open,Connectivity,2024-03-26 00:00:00,
TICK00667,CUST0024,TECH0039,NODE0195,High,Resolved,Hardware Failure,2023-10-25 00:00:00,2023-11-18 00:00:00
TICK00668,CUST0098,TECH0087,NODE0082,Critical,In Progress,Service Outage,2023-10-21 00:00:00,
TICK00669,CUST0135,TECH0018,NODE0152,Low,Resolved,Configuration,2024-02-18 00:00:00,2024-03-06 00:00:00
TICK00670,CUST0097,TECH0157,NODE0031,Medium,In Progress,Billing,2023-10-03 00:00:00,
TICK00671,CUST0142,TECH0144,NODE0053,High,Resolved,Connectivity,2024-01-17 00:00:00,2024-01-28 00:00:00
TICK00672,CUST0167,TECH0059,NODE0103,Critical,Resolved,Hardware Failure,2023-10-20 00:00:00,2023-10-21 00:00:00
TICK00673,CUST0186,TECH0052,NODE0061,Low,Closed,Service Outage,2023-11-11 00:00:00,2023-12-05 00:00:00
TICK00674,CUST0190,TECH0057,NODE0141,Medium,Open,Configuration,2023-10-08 00:00:00,
TICK00675,CUST0105,TECH0019,NODE0060,High,In Progress,Billing,2023-10-06 00:00:00,
TICK00676,CUST0169,TECH0137,NODE0027,Critical,Open,Connectivity,2024-03-09 00:00:00,
TICK00677,CUST0175,TECH0093,NODE0069,Low,Resolved,Hardware Failure,2024-02-14 00:00:00,2024-02-28 00:00:00
TICK00678,CUST0148,TECH0157,NODE0066,Medium,In Progress,Service Outage,2023-12-13 00:00:00,
TICK00679,CUST0170,TECH0159,NODE0046,High,Resolved,Configuration,2023-12-26 00:00:00,2024-01-14 00:00:00
TICK00680,CUST0070,TECH0197,NODE0199,Critical,Open,Billing,2023-10-30 00:00:00,
TICK00681,CUST0010,TECH0093,NODE0129,Low,Resolved,Connectivity,2023-12-02 00:00:00,2023-12-11 00:00:00
TICK00682,CUST0077,TECH0127,NODE0179,Medium,In Progress,Hardware Failure,2024-03-19 00:00:00,
TICK00683,CUST0061,TECH0184,NODE0085,High,In Progress,Service Outage,2024-02-19 00:00:00,
TICK00684,CUST0161,TECH0060,NODE0109,Critical,Open,Configuration,2023-10-18 00:00:00,
TICK00685,CUST0025,TECH0047,NODE0176,Low,Resolved,Billing,2024-03-19 00:00:00,2024-03-31 00:00:00
TICK00686,CUST0167,TECH0043,NODE0098,Medium,Resolved,Connectivity,2024-02-10 00:00:00,2024-03-08 00:00:00
TICK00687,CUST0061,TECH0118,NODE0096,High,Closed,Hardware Failure,2023-11-30 00:00:00,2023-12-09 00:00:00
TICK00688,CUST0183,TECH0014,NODE0016,Critical,In Progress,Service Outage,2024-03-19 00:00:00,
TICK00689,CUST0027,TECH0051,NODE0183,Low,In Progress,Configuration,2023-12-06 00:00:00,
TICK00690,CUST0192,TECH0034,NODE0125,Medium,In Progress,Billing,2024-01-16 00:00:00,
TICK00691,CUST0080,TECH0041,NODE0197,High,In Progress,Connectivity,2023-11-03 00:00:00,
TICK00692,CUST0026,TECH0096,NODE0132,Critical,Open,Hardware Failure,2024-01-03 00:00:00,
TICK00693,CUST0174,TECH0020,NODE0163,Low,Closed,Service Outage,2023-11-25 00:00:00,2023-11-30 00:00:00
TICK00694,CUST0114,TECH0017,NODE0101,Medium,Resolved,Configuration,2024-03-05 00:00:00,2024-03-15 00:00:00
TICK00695,CUST0008,TECH0077,NODE0017,High,Open,Billing,2024-02-09 00:00:00,
TICK00696,CUST0032,TECH0199,NODE0123,Critical,In Progress,Connectivity,2024-02-18 00:00:00,
TICK00697,CUST0090,TECH0185,NODE0014,Low,Resolved,Hardware Failure,2024-02-18 00:00:00,2024-03-09 00:00:00
TICK00698,CUST0184,TECH0012,NODE0083,Medium,Open,Service Outage,2023-12-21 00:00:00,
TICK00699,CUST0167,TECH0104,NODE0196,High,In Progress,Configuration,2024-02-24 00:00:00,
TICK00700,CUST0110,TECH0048,NODE0097,Critical,Open,Billing,2023-11-23 00:00:00,
TICK00701,CUST0001,TECH0006,NODE0199,Low,Open,Connectivity,2023-11-03 00:00:00,
TICK00702,CUST0098,TECH0163,NODE0053,Medium,Resolved,Hardware Failure,2024-01-14 00:00:00,2024-02-08 00:00:00
TICK00703,CUST0100,TECH0059,NODE0079,High,Closed,Service Outage,2023-10-11 00:00:00,2023-10-24 00:00:00
TICK00704,CUST0139,TECH0090,NODE0048,Critical,Resolved,Configuration,2023-12-05 00:00:00,2024-01-02 00:00:00
TICK00705,CUST0073,TECH0068,NODE0084,Low,Closed,Billing,2024-03-03 00:00:00,2024-03-12 00:00:00
TICK00706,CUST0029,TECH0098,NODE0150,Medium,Open,Connectivity,2023-11-06 00:00:00,
TICK00707,CUST0136,TECH0082,NODE0124,High,Resolved,Hardware Failure,2023-10-17 00:00:00,2023-10-21 00:00:00
TICK00708,CUST0198,TECH0015,NODE0062,Critical,Closed,Service Outage,2024-03-08 00:00:00,2024-03-11 00:00:00
TICK00709,CUST0088,TECH0008,NODE0027,Low,Resolved,Configuration,2023-11-04 00:00:00,2023-11-20 00:00:00
TICK00710,CUST0200,TECH0028,NODE0117,Medium,Open,Billing,2023-11-30 00:00:00,
TICK00711,CUST0198,TECH0067,NODE0026,High,Open,Connectivity,2023-11-05 00:00:00,
TICK00712,CUST0137,TECH0068,NODE0178,Critical,Closed,Hardware Failure,2023-12-15 00:00:00,2023-12-27 00:00:00
TICK00713,CUST0007,TECH0173,NODE0089,Low,Open,Service Outage,2024-01-25 00:00:00,
TICK00714,CUST0140,TECH0126,NODE0175,Medium,Resolved,Configuration,2023-12-26 00:00:00,2024-01-16 00:00:00
TICK00715,CUST0061,TECH0146,NODE0127,High,In Progress,Billing,2024-03-27 00:00:00,
TICK00716,CUST0192,TECH0013,NODE0139,Critical,In Progress,Connectivity,2023-10-17 00:00:00,
TICK00717,CUST0100,TECH0080,NODE0044,Low,In Progress,Hardware Failure,2024-01-01 00:00:00,
TICK00718,CUST0127,TECH0039,NODE0178,Medium,Resolved,Service Outage,2024-03-13 00:00:00,2024-03-19 00:00:00
TICK00719,CUST0140,TECH0172,NODE0113,High,In Progress,Configuration,2024-03-22 00:00:00,
TICK00720,CUST0163,TECH0057,NODE0174,Critical,In Progress,Billing,2024-03-12 00:00:00,
TICK00721,CUST0043,TECH0002,NODE0164,Low,Resolved,Connectivity,2024-01-19 00:00:00,2024-02-14 00:00:00
TICK00722,CUST0118,TECH0039,NODE0038,Medium,Open,Hardware Failure,2024-03-20 00:00:00,
TICK00723,CUST0113,TECH0026,NODE0168,High,Closed,Service Outage,2023-12-26 00:00:00,2024-01-09 00:00:00
TICK00724,CUST0022,TECH0009,NODE0197,Critical,In Progress,Configuration,2024-02-26 00:00:00,
TICK00725,CUST0097,TECH0042,NODE0077,Low,Open,Billing,2024-01-07 00:00:00,
TICK00726,CUST0177,TECH0111,NODE0104,Medium,Closed,Connectivity,2024-01-21 00:00:00,2024-02-16 00:00:00
TICK00727,CUST0145,TECH0123,NODE0143,High,In Progress,Hardware Failure,2024-01-20 00:00:00,
TICK00728,CUST0103,TECH0051,NODE0157,Critical,In Progress,Service Outage,2023-10-19 00:00:00,
TICK00729,CUST0011,TECH0112,NODE0163,Low,Resolved,Configuration,2024-03-22 00:00:00,2024-03-31 00:00:00
TICK00730,CUST0014,TECH0044,NODE0005,Medium,Closed,Billing,2024-01-02 00:00:00,2024-01-22 00:00:00
TICK00731,CUST0017,TECH0047,NODE0042,High,Closed,Connectivity,2023-11-24 00:00:00,2023-12-08 00:00:00
TICK00732,CUST0091,TECH0098,NODE0040,Critical,Open,Hardware Failure,2024-01-04 00:00:00,
TICK00733,CUST0040,TECH0117,NODE0104,Low,Open,Service Outage,2023-10-15 00:00:00,
TICK00734,CUST0110,TECH0003,NODE0107,Medium,Resolved,Configuration,2023-10-26 00:00:00,2023-11-02 00:00:00
TICK00735,CUST0079,TECH0166,NODE0020,High,In Progress,Billing,2023-10-25 00:00:00,
TICK00736,CUST0106,TECH0175,NODE0168,Critical,Resolved,Connectivity,2024-01-10 00:00:00,2024-01-31 00:00:00
TICK00737,CUST0099,TECH0189,NODE0138,Low,In Progress,Hardware Failure,2024-01-20 00:00:00,
TICK00738,CUST0007,TECH0140,NODE0199,Medium,In Progress,Service Outage,2024-03-04 00:00:00,
TICK00739,CUST0155,TECH0173,NODE0011,High,Resolved,Configuration,2023-12-15 00:00:00,2024-01-06 00:00:00
TICK00740,CUST0136,TECH0045,NODE0022,Critical,Resolved,Billing,2024-03-25 00:00:00,2024-03-31 00:00:00
TICK00741,CUST0120,TECH0049,NODE0084,Low,In Progress,Connectivity,2024-02-04 00:00:00,
TICK00742,CUST0049,TECH0014,NODE0161,Medium,Closed,Hardware Failure,2023-10-24 00:00:00,2023-11-02 00:00:00
TICK00743,CUST0071,TECH0023,NODE0084,High,Resolved,Service Outage,2024-01-30 00:00:00,2024-02-13 00:00:00
TICK00744,CUST0181,TECH0020,NODE0080,Critical,Resolved,Configuration,2023-10-15 00:00:00,2023-10-24 00:00:00
TICK00745,CUST0119,TECH0092,NODE0167,Low,Resolved,Billing,2023-11-24 00:00:00,2023-12-10 00:00:00
TICK00746,CUST0118,TECH0154,NODE0058,Medium,Closed,Connectivity,2023-10-12 00:00:00,2023-10-13 00:00:00
TICK00747,CUST0165,TECH0200,NODE0086,High,Resolved,Hardware Failure,2024-02-12 00:00:00,2024-03-06 00:00:00
TICK00748,CUST0076,TECH0162,NODE0059,Critical,Closed,Service Outage,2023-10-20 00:00:00,2023-11-09 00:00:00
TICK00749,CUST0067,TECH0111,NODE0044,Low,In Progress,Configuration,2023-10-12 00:00:00,
TICK00750,CUST0009,TECH0147,NODE0126,Medium,Open,Billing,2023-12-31 00:00:00,
TICK00751,CUST0077,TECH0136,NODE0016,High,In Progress,Connectivity,2024-03-15 00:00:00,
TICK00752,CUST0169,TECH0075,NODE0127,Critical,In Progress,Hardware Failure,2023-12-04 00:00:00,
TICK00753,CUST0109,TECH0061,NODE0037,Low,Resolved,Service Outage,2024-02-17 00:00:00,2024-03-07 00:00:00
TICK00754,CUST0192,TECH0037,NODE0130,Medium,In Progress,Configuration,2024-01-14 00:00:00,
TICK00755,CUST0074,TECH0123,NODE0066,High,Resolved,Billing,2023-11-01 00:00:00,2023-12-01 00:00:00
TICK00756,CUST0127,TECH0093,NODE0108,Critical,In Progress,Connectivity,2024-03-06 00:00:00,
TICK00757,CUST0172,TECH0074,NODE0085,Low,Resolved,Hardware Failure,2023-12-27 00:00:00,2024-01-26 00:00:00
TICK00758,CUST0054,TECH0011,NODE0019,Medium,Resolved,Service Outage,2024-03-22 00:00:00,2024-03-31 00:00:00
TICK00759,CUST0035,TECH0185,NODE0078,High,In Progress,Configuration,2024-02-04 00:00:00,
TICK00760,CUST0011,TECH0168,NODE0123,Critical,Resolved,Billing,2024-02-18 00:00:00,2024-02-21 00:00:00
TICK00761,CUST0108,TECH0136,NODE0157,Low,In Progress,Connectivity,2023-11-21 00:00:00,
TICK00762,CUST0067,TECH0032,NODE0125,Medium,Open,Hardware Failure,2024-03-03 00:00:00,
TICK00763,CUST0122,TECH0117,NODE0178,High,Resolved,Service Outage,2023-12-09 00:00:00,2024-01-07 00:00:00
TICK00764,CUST0116,TECH0003,NODE0042,Critical,In Progress,Configuration,2024-01-22 00:00:00,
TICK00765,CUST0144,TECH0143,NODE0100,Low,In Progress,Billing,2023-12-04 00:00:00,
TICK00766,CUST0153,TECH0003,NODE0029,Medium,Resolved,Connectivity,2023-11-21 00:00:00,2023-12-10 00:00:00
TICK00767,CUST0002,TECH0127,NODE0059,High,In Progress,Hardware Failure,2024-03-12 00:00:00,
TICK00768,CUST0100,TECH0058,NODE0052,Critical,Resolved,Service Outage,2023-10-06 00:00:00,2023-10-27 00:00:00
TICK00769,CUST0035,TECH0081,NODE0159,Low,In Progress,Configuration,2024-03-08 00:00:00,
TICK00770,CUST0011,TECH0094,NODE0081,Medium,Closed,Billing,2023-12-25 00:00:00,2024-01-23 00:00:00
TICK00771,CUST0017,TECH0054,NODE0106,High,In Progress,Connectivity,2024-02-06 00:00:00,
TICK00772,CUST0011,TECH0009,NODE0095,Critical,Closed,Hardware Failure,2024-03-15 00:00:00,2024-03-31 00:00:00
TICK00773,CUST0018,TECH0074,NODE0175,Low,Open,Service Outage,2024-02-25 00:00:00,
TICK00774,CUST0146,TECH0014,NODE0096,Medium,Open,Configuration,2024-01-03 00:00:00,
TICK00775,CUST0153,TECH0184,NODE0101,High,In Progress,Billing,2024-01-14 00:00:00,
TICK00776,CUST0163,TECH0160,NODE0033,Critical,In Progress,Connectivity,2024-01-06 00:00:00,
TICK00777,CUST0149,TECH0123,NODE0077,Low,Open,Hardware Failure,2023-12-29 00:00:00,
TICK00778,CUST0026,TECH0200,NODE0186,Medium,Resolved,Service Outage,2024-02-08 00:00:00,2024-03-03 00:00:00
TICK00779,CUST0066,TECH0027,NODE0127,High,Resolved,Configuration,2023-11-10 00:00:00,2023-11-16 00:00:00
TICK00780,CUST0065,TECH0050,NODE0186,Critical,Resolved,Billing,2023-11-24 00:00:00,2023-12-24 00:00:00
TICK00781,CUST0147,TECH0190,NODE0176,Low,Resolved,Connectivity,2024-01-28 00:00:00,2024-02-05 00:00:00
TICK00782,CUST0054,TECH0004,NODE0064,Medium,Resolved,Hardware Failure,2023-10-30 00:00:00,2023-11-23 00:00:00
TICK00783,CUST0113,TECH0125,NODE0114,High,In Progress,Service Outage,2023-12-14 00:00:00,
TICK00784,CUST0098,TECH0174,NODE0074,Critical,In Progress,Configuration,2023-11-23 00:00:00,
TICK00785,CUST0184,TECH0006,NODE0182,Low,Resolved,Billing,2023-11-29 00:00:00,2023-12-03 00:00:00
TICK00786,CUST0113,TECH0087,NODE0107,Medium,Open,Connectivity,2023-10-05 00:00:00,
TICK00787,CUST0152,TECH0134,NODE0009,High,Open,Hardware Failure,2024-02-28 00:00:00,
TICK00788,CUST0182,TECH0162,NODE0013,Critical,Resolved,Service Outage,2024-03-22 00:00:00,2024-03-31 00:00:00
TICK00789,CUST0021,TECH0126,NODE0152,Low,In Progress,Configuration,2024-01-27 00:00:00,
TICK00790,CUST0061,TECH0123,NODE0063,Medium,Resolved,Billing,2023-10-16 00:00:00,2023-11-15 00:00:00
TICK00791,CUST0187,TECH0134,NODE0167,High,Closed,Connectivity,2023-12-04 00:00:00,2023-12-18 00:00:00
TICK00792,CUST0047,TECH0082,NODE0141,Critical,Resolved,Hardware Failure,2024-02-20 00:00:00,2024-03-19 00:00:00
TICK00793,CUST0137,TECH0186,NODE0125,Low,Resolved,Service Outage,2023-10-30 00:00:00,2023-11-01 00:00:00
TICK00794,CUST0120,TECH0065,NODE0053,Medium,In Progress,Configuration,2023-10-18 00:00:00,
TICK00795,CUST0016,TECH0110,NODE0147,High,In Progress,Billing,2024-02-10 00:00:00,
TICK00796,CUST0057,TECH0087,NODE0153,Critical,In Progress,Connectivity,2023-12-07 00:00:00,
TICK00797,CUST0038,TECH0195,NODE0091,Low,In Progress,Hardware Failure,2024-03-01 00:00:00,
TICK00798,CUST0149,TECH0058,NODE0139,Medium,Resolved,Service Outage,2024-03-14 00:00:00,2024-03-31 00:00:00
TICK00799,CUST0003,TECH0018,NODE0168,High,Open,Configuration,2024-02-14 00:00:00,
TICK00800,CUST0200,TECH0197,NODE0101,Critical,In Progress,Billing,2023-10-05 00:00:00,
TICK00801,CUST0085,TECH0005,NODE0136,Low,In Progress,Connectivity,2024-02-26 00:00:00,
TICK00802,CUST0007,TECH0132,NODE0140,Medium,In Progress,Hardware Failure,2024-01-26 00:00:00,
TICK00803,CUST0184,TECH0169,NODE0043,High,In Progress,Service Outage,2023-12-13 00:00:00,
TICK00804,CUST0047,TECH0122,NODE0130,Critical,Closed,Configuration,2023-10-23 00:00:00,2023-11-16 00:00:00
TICK00805,CUST0013,TECH0053,NODE0139,Low,Open,Billing,2023-11-01 00:00:00,
TICK00806,CUST0008,TECH0073,NODE0109,Medium,Open,Connectivity,2023-12-06 00:00:00,
TICK00807,CUST0030,TECH0157,NODE0021,High,Resolved,Hardware Failure,2023-10-23 00:00:00,2023-11-20 00:00:00
TICK00808,CUST0169,TECH0041,NODE0114,Critical,Open,Service Outage,2024-01-22 00:00:00,
TICK00809,CUST0114,TECH0064,NODE0117,Low,In Progress,Configuration,2023-11-15 00:00:00,
TICK00810,CUST0080,TECH0033,NODE0179,Medium,Resolved,Billing,2024-01-03 00:00:00,2024-01-10 00:00:00
TICK00811,CUST0081,TECH0122,NODE0140,High,Resolved,Connectivity,2023-10-16 00:00:00,2023-10-28 00:00:00
TICK00812,CUST0014,TECH0090,NODE0117,Critical,Open,Hardware Failure,2023-12-16 00:00:00,
TICK00813,CUST0079,TECH0166,NODE0122,Low,Resolved,Service Outage,2024-02-06 00:00:00,2024-02-15 00:00:00
TICK00814,CUST0158,TECH0007,NODE0163,Medium,In Progress,Configuration,2024-02-19 00:00:00,
TICK00815,CUST0043,TECH0050,NODE0054,High,In Progress,Billing,2024-03-13 00:00:00,
TICK00816,CUST0071,TECH0068,NODE0030,Critical,In Progress,Connectivity,2024-03-07 00:00:00,
TICK00817,CUST0109,TECH0147,NODE0138,Low,Resolved,Hardware Failure,2023-11-18 00:00:00,2023-12-14 00:00:00
TICK00818,CUST0069,TECH0080,NODE0130,Medium,In Progress,Service Outage,2024-03-01 00:00:00,
TICK00819,CUST0168,TECH0067,NODE0163,High,Open,Configuration,2023-10-05 00:00:00,
TICK00820,CUST0091,TECH0156,NODE0015,Critical,Resolved,Billing,2023-12-25 00:00:00,2024-01-13 00:00:00
TICK00821,CUST0115,TECH0024,NODE0017,Low,Resolved,Connectivity,2024-02-16 00:00:00,2024-03-16 00:00:00
TICK00822,CUST0091,TECH0065,NODE0001,Medium,Open,Hardware Failure,2023-12-21 00:00:00,
TICK00823,CUST0054,TECH0031,NODE0084,High,In Progress,Service Outage,2024-01-23 00:00:00,
TICK00824,CUST0197,TECH0097,NODE0161,Critical,Resolved,Configuration,2024-01-14 00:00:00,2024-02-02 00:00:00
TICK00825,CUST0011,TECH0152,NODE0099,Low,Closed,Billing,2023-10-04 00:00:00,2023-10-16 00:00:00
TICK00826,CUST0181,TECH0010,NODE0015,Medium,Resolved,Connectivity,2024-01-17 00:00:00,2024-01-31 00:00:00
TICK00827,CUST0093,TECH0070,NODE0167,High,Closed,Hardware Failure,2023-10-29 00:00:00,2023-11-17 00:00:00
TICK00828,CUST0173,TECH0001,NODE0002,Critical,In Progress,Service Outage,2023-12-03 00:00:00,
TICK00829,CUST0001,TECH0008,NODE0191,Low,In Progress,Configuration,2024-03-05 00:00:00,
TICK00830,CUST0154,TECH0008,NODE0004,Medium,Resolved,Billing,2023-10-02 00:00:00,2023-10-26 00:00:00
TICK00831,CUST0068,TECH0147,NODE0147,High,Closed,Connectivity,2024-02-09 00:00:00,2024-03-01 00:00:00
TICK00832,CUST0052,TECH0073,NODE0137,Critical,Open,Hardware Failure,2023-12-20 00:00:00,
TICK00833,CUST0012,TECH0085,NODE0067,Low,Closed,Service Outage,2023-12-16 00:00:00,2024-01-13 00:00:00
TICK00834,CUST0175,TECH0177,NODE0192,Medium,Resolved,Configuration,2023-10-23 00:00:00,2023-11-14 00:00:00
TICK00835,CUST0114,TECH0153,NODE0022,High,Resolved,Billing,2023-10-02 00:00:00,2023-10-23 00:00:00
TICK00836,CUST0139,TECH0112,NODE0079,Critical,Resolved,Connectivity,2024-03-29 00:00:00,2024-03-31 00:00:00
TICK00837,CUST0113,TECH0138,NODE0167,Low,Open,Hardware Failure,2023-12-17 00:00:00,
TICK00838,CUST0099,TECH0139,NODE0010,Medium,Closed,Service Outage,2024-03-26 00:00:00,2024-03-31 00:00:00
TICK00839,CUST0146,TECH0171,NODE0023,High,Resolved,Configuration,2024-01-24 00:00:00,2024-02-19 00:00:00
TICK00840,CUST0078,TECH0026,NODE0176,Critical,Resolved,Billing,2023-11-24 00:00:00,2023-12-03 00:00:00
TICK00841,CUST0199,TECH0163,NODE0012,Low,Open,Connectivity,2024-02-19 00:00:00,
TICK00842,CUST0113,TECH0059,NODE0123,Medium,Closed,Hardware Failure,2023-11-29 00:00:00,2023-12-05 00:00:00
TICK00843,CUST0174,TECH0071,NODE0123,High,Resolved,Service Outage,2024-01-22 00:00:00,2024-02-06 00:00:00
TICK00844,CUST0066,TECH0081,NODE0145,Critical,Closed,Configuration,2024-01-12 00:00:00,2024-02-03 00:00:00
TICK00845,CUST0101,TECH0015,NODE0121,Low,In Progress,Billing,2023-12-12 00:00:00,
TICK00846,CUST0042,TECH0073,NODE0091,Medium,In Progress,Connectivity,2024-01-16 00:00:00,
TICK00847,CUST0057,TECH0125,NODE0020,High,Closed,Hardware Failure,2023-11-26 00:00:00,2023-12-09 00:00:00
TICK00848,CUST0104,TECH0187,NODE0091,Critical,Resolved,Service Outage,2024-01-16 00:00:00,2024-02-02 00:00:00
TICK00849,CUST0115,TECH0051,NODE0191,Low,Open,Configuration,2024-01-22 00:00:00,
TICK00850,CUST0105,TECH0186,NODE0101,Medium,Open,Billing,2024-02-28 00:00:00,
TICK00851,CUST0035,TECH0188,NODE0156,High,Open,Connectivity,2024-01-22 00:00:00,
TICK00852,CUST0162,TECH0156,NODE0122,Critical,Resolved,Hardware Failure,2024-01-17 00:00:00,2024-02-16 00:00:00
TICK00853,CUST0150,TECH0030,NODE0058,Low,In Progress,Service Outage,2024-03-05 00:00:00,
TICK00854,CUST0023,TECH0150,NODE0046,Medium,Open,Configuration,2023-10-05 00:00:00,
TICK00855,CUST0098,TECH0018,NODE0059,High,Open,Billing,2024-02-16 00:00:00,
TICK00856,CUST0054,TECH0185,NODE0083,Critical,Resolved,Connectivity,2023-10-06 00:00:00,2023-10-10 00:00:00
TICK00857,CUST0083,TECH0086,NODE0107,Low,In Progress,Hardware Failure,2024-01-22 00:00:00,
TICK00858,CUST0079,TECH0120,NODE0022,Medium,Open,Service Outage,2024-01-18 00:00:00,
TICK00859,CUST0092,TECH0137,NODE0063,High,Open,Configuration,2024-01-16 00:00:00,
TICK00860,CUST0072,TECH0012,NODE0017,Critical,Open,Billing,2023-10-07 00:00:00,
TICK00861,CUST0036,TECH0167,NODE0004,Low,Resolved,Connectivity,2023-10-22 00:00:00,2023-11-14 00:00:00
TICK00862,CUST0034,TECH0054,NODE0065,Medium,Closed,Hardware Failure,2024-01-20 00:00:00,2024-01-30 00:00:00
TICK00863,CUST0133,TECH0173,NODE0142,High,Resolved,Service Outage,2023-10-12 00:00:00,2023-10-16 00:00:00
TICK00864,CUST0173,TECH0103,NODE0113,Critical,Resolved,Configuration,2024-01-12 00:00:00,2024-01-30 00:00:00
TICK00865,CUST0116,TECH0200,NODE0007,Low,Closed,Billing,2024-02-28 00:00:00,2024-03-09 00:00:00
TICK00866,CUST0023,TECH0015,NODE0179,Medium,Resolved,Connectivity,2023-11-25 00:00:00,2023-12-01 00:00:00
TICK00867,CUST0150,TECH0091,NODE0080,High,Closed,Hardware Failure,2024-01-23 00:00:00,2024-02-17 00:00:00
TICK00868,CUST0185,TECH0111,NODE0096,Critical,In Progress,Service Outage,2024-01-01 00:00:00,
TICK00869,CUST0167,TECH0171,NODE0064,Low,In Progress,Configuration,2024-03-26 00:00:00,
TICK00870,CUST0034,TECH0065,NODE0079,Medium,In Progress,Billing,2024-01-07 00:00:00,
TICK00871,CUST0177,TECH0081,NODE0093,High,Open,Connectivity,2023-10-02 00:00:00,
TICK00872,CUST0011,TECH0094,NODE0123,Critical,Open,Hardware Failure,2024-03-20 00:00:00,
TICK00873,CUST0056,TECH0074,NODE0046,Low,Open,Service Outage,2023-12-16 00:00:00,
TICK00874,CUST0022,TECH0055,NODE0198,Medium,In Progress,Configuration,2023-12-30 00:00:00,
TICK00875,CUST0061,TECH0189,NODE0072,High,Resolved,Billing,2024-01-17 00:00:00,2024-01-26 00:00:00
TICK00876,CUST0144,TECH0152,NODE0155,Critical,Open,Connectivity,2024-02-16 00:00:00,
TICK00877,CUST0111,TECH0069,NODE0099,Low,Resolved,Hardware Failure,2024-01-03 00:00:00,2024-01-21 00:00:00
TICK00878,CUST0099,TECH0105,NODE0097,Medium,Resolved,Service Outage,2023-12-12 00:00:00,2023-12-25 00:00:00
TICK00879,CUST0082,TECH0097,NODE0147,High,Open,Configuration,2023-11-23 00:00:00,
TICK00880,CUST0039,TECH0096,NODE0041,Critical,Resolved,Billing,2024-03-01 00:00:00,2024-03-22 00:00:00
TICK00881,CUST0119,TECH0106,NODE0169,Low,Open,Connectivity,2023-12-20 00:00:00,
TICK00882,CUST0118,TECH0023,NODE0141,Medium,Open,Hardware Failure,2023-10-20 00:00:00,
TICK00883,CUST0037,TECH0169,NODE0126,High,Closed,Service Outage,2023-11-12 00:00:00,2023-11-18 00:00:00
TICK00884,CUST0185,TECH0097,NODE0098,Critical,In Progress,Configuration,2024-01-31 00:00:00,
TICK00885,CUST0075,TECH0069,NODE0152,Low,Open,Billing,2023-11-03 00:00:00,
TICK00886,CUST0012,TECH0133,NODE0134,Medium,Resolved,Connectivity,2023-12-11 00:00:00,2024-01-01 00:00:00
TICK00887,CUST0009,TECH0097,NODE0012,High,In Progress,Hardware Failure,2023-11-09 00:00:00,
TICK00888,CUST0152,TECH0200,NODE0005,Critical,Closed,Service Outage,2024-02-23 00:00:00,2024-03-16 00:00:00
TICK00889,CUST0011,TECH0117,NODE0146,Low,Resolved,Configuration,2024-02-11 00:00:00,2024-02-16 00:00:00
TICK00890,CUST0179,TECH0193,NODE0192,Medium,Open,Billing,2024-01-13 00:00:00,
TICK00891,CUST0140,TECH0136,NODE0081,High,In Progress,Connectivity,2023-12-04 00:00:00,
TICK00892,CUST0161,TECH0146,NODE0189,Critical,Open,Hardware Failure,2023-10-11 00:00:00,
TICK00893,CUST0129,TECH0007,NODE0190,Low,Resolved,Service Outage,2023-12-23 00:00:00,2024-01-20 00:00:00
TICK00894,CUST0116,TECH0042,NODE0087,Medium,Open,Configuration,2024-03-22 00:00:00,
TICK00895,CUST0103,TECH0119,NODE0061,High,Resolved,Billing,2024-03-19 00:00:00,2024-03-31 00:00:00
TICK00896,CUST0094,TECH0087,NODE0185,Critical,In Progress,Connectivity,2023-12-28 00:00:00,
TICK00897,CUST0056,TECH0065,NODE0122,Low,Open,Hardware Failure,2024-02-11 00:00:00,
TICK00898,CUST0170,TECH0062,NODE0174,Medium,In Progress,Service Outage,2023-12-18 00:00:00,
TICK00899,CUST0156,TECH0111,NODE0128,High,In Progress,Configuration,2023-12-03 00:00:00,
TICK00900,CUST0185,TECH0032,NODE0014,Critical,Closed,Billing,2023-11-19 00:00:00,2023-11-24 00:00:00
TICK00901,CUST0131,TECH0129,NODE0185,Low,Closed,Connectivity,2023-11-29 00:00:00,2023-12-16 00:00:00
TICK00902,CUST0034,TECH0018,NODE0094,Medium,In Progress,Hardware Failure,2023-10-05 00:00:00,
TICK00903,CUST0089,TECH0129,NODE0123,High,Open,Service Outage,2024-03-22 00:00:00,
TICK00904,CUST0063,TECH0001,NODE0113,Critical,Resolved,Configuration,2023-12-24 00:00:00,2024-01-19 00:00:00
TICK00905,CUST0078,TECH0030,NODE0131,Low,In Progress,Billing,2023-10-30 00:00:00,
TICK00906,CUST0063,TECH0092,NODE0152,Medium,Open,Connectivity,2023-12-08 00:00:00,
TICK00907,CUST0075,TECH0007,NODE0153,High,Resolved,Hardware Failure,2024-01-04 00:00:00,2024-01-10 00:00:00
TICK00908,CUST0041,TECH0194,NODE0139,Critical,Resolved,Service Outage,2024-02-24 00:00:00,2024-03-08 00:00:00
TICK00909,CUST0064,TECH0189,NODE0081,Low,In Progress,Configuration,2023-12-01 00:00:00,
TICK00910,CUST0119,TECH0097,NODE0128,Medium,Resolved,Billing,2024-02-15 00:00:00,2024-03-13 00:00:00
TICK00911,CUST0010,TECH0056,NODE0100,High,In Progress,Connectivity,2023-12-05 00:00:00,
TICK00912,CUST0149,TECH0135,NODE0131,Critical,Open,Hardware Failure,2023-11-13 00:00:00,
TICK00913,CUST0044,TECH0008,NODE0044,Low,Open,Service Outage,2024-02-27 00:00:00,
TICK00914,CUST0024,TECH0035,NODE0151,Medium,Resolved,Configuration,2023-12-23 00:00:00,2023-12-31 00:00:00
TICK00915,CUST0166,TECH0147,NODE0156,High,Resolved,Billing,2023-10-12 00:00:00,2023-10-18 00:00:00
TICK00916,CUST0080,TECH0140,NODE0110,Critical,Resolved,Connectivity,2024-02-05 00:00:00,2024-03-05 00:00:00
TICK00917,CUST0066,TECH0029,NODE0119,Low,In Progress,Hardware Failure,2024-03-27 00:00:00,
TICK00918,CUST0137,TECH0069,NODE0088,Medium,Open,Service Outage,2023-10-21 00:00:00,
TICK00919,CUST0138,TECH0142,NODE0153,High,In Progress,Configuration,2023-12-09 00:00:00,
TICK00920,CUST0141,TECH0039,NODE0172,Critical,Resolved,Billing,2023-11-28 00:00:00,2023-11-30 00:00:00
TICK00921,CUST0015,TECH0113,NODE0081,Low,Open,Connectivity,2024-03-30 00:00:00,
TICK00922,CUST0026,TECH0157,NODE0075,Medium,In Progress,Hardware Failure,2024-03-10 00:00:00,
TICK00923,CUST0005,TECH0060,NODE0187,High,In Progress,Service Outage,2023-11-25 00:00:00,
TICK00924,CUST0192,TECH0168,NODE0113,Critical,Open,Configuration,2023-12-24 00:00:00,
TICK00925,CUST0034,TECH0029,NODE0189,Low,Open,Billing,2024-01-27 00:00:00,
TICK00926,CUST0176,TECH0099,NODE0156,Medium,In Progress,Connectivity,2024-01-27 00:00:00,
TICK00927,CUST0128,TECH0110,NODE0094,High,Resolved,Hardware Failure,2023-11-09 00:00:00,2023-11-19 00:00:00
TICK00928,CUST0124,TECH0024,NODE0162,Critical,Closed,Service Outage,2023-10-07 00:00:00,2023-11-02 00:00:00
TICK00929,CUST0104,TECH0076,NODE0199,Low,Resolved,Configuration,2024-01-17 00:00:00,2024-02-13 00:00:00
TICK00930,CUST0139,TECH0013,NODE0092,Medium,Resolved,Billing,2024-02-21 00:00:00,2024-03-13 00:00:00
TICK00931,CUST0008,TECH0158,NODE0072,High,Resolved,Connectivity,2024-03-27 00:00:00,2024-03-31 00:00:00
TICK00932,CUST0019,TECH0129,NODE0072,Critical,In Progress,Hardware Failure,2024-01-08 00:00:00,
TICK00933,CUST0187,TECH0153,NODE0034,Low,Open,Service Outage,2024-02-27 00:00:00,
TICK00934,CUST0125,TECH0191,NODE0008,Medium,Resolved,Configuration,2023-12-17 00:00:00,2023-12-24 00:00:00
TICK00935,CUST0028,TECH0110,NODE0054,High,Resolved,Billing,2023-11-26 00:00:00,2023-12-18 00:00:00
TICK00936,CUST0015,TECH0086,NODE0071,Critical,Resolved,Connectivity,2023-12-21 00:00:00,2024-01-12 00:00:00
TICK00937,CUST0084,TECH0047,NODE0168,Low,In Progress,Hardware Failure,2023-11-24 00:00:00,
TICK00938,CUST0176,TECH0149,NODE0042,Medium,Resolved,Service Outage,2024-03-11 00:00:00,2024-03-30 00:00:00
TICK00939,CUST0184,TECH0158,NODE0055,High,In Progress,Configuration,2024-01-14 00:00:00,
TICK00940,CUST0106,TECH0025,NODE0079,Critical,In Progress,Billing,2023-12-13 00:00:00,
TICK00941,CUST0115,TECH0054,NODE0039,Low,Open,Connectivity,2024-02-02 00:00:00,
TICK00942,CUST0165,TECH0003,NODE0044,Medium,Resolved,Hardware Failure,2023-11-26 00:00:00,2023-12-24 00:00:00
TICK00943,CUST0121,TECH0002,NODE0112,High,Closed,Service Outage,2024-03-29 00:00:00,2024-03-31 00:00:00
TICK00944,CUST0138,TECH0090,NODE0071,Critical,Resolved,Configuration,2023-12-15 00:00:00,2024-01-11 00:00:00
TICK00945,CUST0031,TECH0086,NODE0012,Low,In Progress,Billing,2024-01-07 00:00:00,
TICK00946,CUST0196,TECH0155,NODE0118,Medium,Open,Connectivity,2024-03-05 00:00:00,
TICK00947,CUST0083,TECH0085,NODE0059,High,Open,Hardware Failure,2024-03-19 00:00:00,
TICK00948,CUST0082,TECH0028,NODE0145,Critical,In Progress,Service Outage,2023-11-07 00:00:00,
TICK00949,CUST0059,TECH0012,NODE0042,Low,Closed,Configuration,2023-11-09 00:00:00,2023-12-06 00:00:00
TICK00950,CUST0101,TECH0049,NODE0067,Medium,Resolved,Billing,2024-02-02 00:00:00,2024-02-11 00:00:00
TICK00951,CUST0103,TECH0143,NODE0127,High,Resolved,Connectivity,2024-03-06 00:00:00,2024-03-07 00:00:00
TICK00952,CUST0033,TECH0126,NODE0059,Critical,In Progress,Hardware Failure,2024-02-24 00:00:00,
TICK00953,CUST0029,TECH0042,NODE0189,Low,In Progress,Service Outage,2023-10-13 00:00:00,
TICK00954,CUST0048,TECH0013,NODE0044,Medium,Resolved,Configuration,2024-03-15 00:00:00,2024-03-29 00:00:00
TICK00955,CUST0146,TECH0087,NODE0120,High,Closed,Billing,2024-01-11 00:00:00,2024-02-06 00:00:00
TICK00956,CUST0160,TECH0112,NODE0143,Critical,In Progress,Connectivity,2023-12-20 00:00:00,
TICK00957,CUST0064,TECH0145,NODE0069,Low,In Progress,Hardware Failure,2024-02-05 00:00:00,
TICK00958,CUST0010,TECH0174,NODE0192,Medium,Resolved,Service Outage,2024-01-14 00:00:00,2024-02-10 00:00:00
TICK00959,CUST0019,TECH0014,NODE0120,High,Resolved,Configuration,2023-10-06 00:00:00,2023-11-01 00:00:00
TICK00960,CUST0187,TECH0015,NODE0183,Critical,In Progress,Billing,2023-10-03 00:00:00,
TICK00961,CUST0009,TECH0088,NODE0104,Low,Open,Connectivity,2024-02-19 00:00:00,
TICK00962,CUST0058,TECH0054,NODE0138,Medium,Open,Hardware Failure,2023-12-14 00:00:00,
TICK00963,CUST0172,TECH0195,NODE0175,High,Resolved,Service Outage,2024-03-18 00:00:00,2024-03-31 00:00:00
TICK00964,CUST0049,TECH0094,NODE0135,Critical,Resolved,Configuration,2023-11-23 00:00:00,2023-11-26 00:00:00
TICK00965,CUST0093,TECH0167,NODE0126,Low,In Progress,Billing,2023-11-25 00:00:00,
TICK00966,CUST0142,TECH0080,NODE0166,Medium,In Progress,Connectivity,2023-12-08 00:00:00,
TICK00967,CUST0073,TECH0058,NODE0121,High,Resolved,Hardware Failure,2024-03-03 00:00:00,2024-03-07 00:00:00
TICK00968,CUST0126,TECH0109,NODE0096,Critical,Open,Service Outage,2024-01-31 00:00:00,
TICK00969,CUST0026,TECH0186,NODE0030,Low,Open,Configuration,2023-12-06 00:00:00,
TICK00970,CUST0016,TECH0184,NODE0143,Medium,Resolved,Billing,2024-01-14 00:00:00,2024-01-19 00:00:00
TICK00971,CUST0074,TECH0068,NODE0053,High,In Progress,Connectivity,2023-12-13 00:00:00,
TICK00972,CUST0012,TECH0096,NODE0170,Critical,Resolved,Hardware Failure,2023-12-28 00:00:00,2024-01-21 00:00:00
TICK00973,CUST0135,TECH0029,NODE0006,Low,Resolved,Service Outage,2023-11-13 00:00:00,2023-12-03 00:00:00
TICK00974,CUST0196,TECH0027,NODE0009,Medium,Closed,Configuration,2024-03-20 00:00:00,2024-03-21 00:00:00
TICK00975,CUST0065,TECH0145,NODE0172,High,Closed,Billing,2023-11-06 00:00:00,2023-11-13 00:00:00
TICK00976,CUST0175,TECH0043,NODE0038,Critical,In Progress,Connectivity,2024-01-28 00:00:00,
TICK00977,CUST0198,TECH0083,NODE0038,Low,Resolved,Hardware Failure,2023-12-20 00:00:00,2024-01-01 00:00:00
TICK00978,CUST0031,TECH0046,NODE0111,Medium,In Progress,Service Outage,2024-01-21 00:00:00,
TICK00979,CUST0009,TECH0151,NODE0033,High,Resolved,Configuration,2024-02-07 00:00:00,2024-02-09 00:00:00
TICK00980,CUST0054,TECH0025,NODE0184,Critical,Resolved,Billing,2023-12-18 00:00:00,2023-12-31 00:00:00
TICK00981,CUST0034,TECH0102,NODE0111,Low,In Progress,Connectivity,2024-03-12 00:00:00,
TICK00982,CUST0177,TECH0037,NODE0126,Medium,Resolved,Hardware Failure,2023-11-15 00:00:00,2023-11-22 00:00:00
TICK00983,CUST0092,TECH0174,NODE0131,High,Resolved,Service Outage,2023-12-16 00:00:00,2024-01-06 00:00:00
TICK00984,CUST0108,TECH0011,NODE0165,Critical,Resolved,Configuration,2023-10-20 00:00:00,2023-10-28 00:00:00
TICK00985,CUST0110,TECH0147,NODE0006,Low,Resolved,Billing,2023-11-23 00:00:00,2023-12-14 00:00:00
TICK00986,CUST0151,TECH0126,NODE0183,Medium,Closed,Connectivity,2023-10-11 00:00:00,2023-10-25 00:00:00
TICK00987,CUST0078,TECH0091,NODE0027,High,In Progress,Hardware Failure,2024-02-28 00:00:00,
TICK00988,CUST0010,TECH0154,NODE0078,Critical,Open,Service Outage,2024-03-29 00:00:00,
TICK00989,CUST0035,TECH0083,NODE0098,Low,In Progress,Configuration,2024-02-28 00:00:00,
TICK00990,CUST0076,TECH0164,NODE0159,Medium,In Progress,Billing,2023-12-04 00:00:00,
TICK00991,CUST0114,TECH0164,NODE0103,High,In Progress,Connectivity,2023-10-15 00:00:00,
TICK00992,CUST0103,TECH0022,NODE0127,Critical,Resolved,Hardware Failure,2023-11-19 00:00:00,2023-12-11 00:00:00
TICK00993,CUST0058,TECH0195,NODE0025,Low,Open,Service Outage,2023-12-28 00:00:00,
TICK00994,CUST0191,TECH0175,NODE0193,Medium,In Progress,Configuration,2023-12-26 00:00:00,
TICK00995,CUST0059,TECH0159,NODE0059,High,In Progress,Billing,2023-11-18 00:00:00,
TICK00996,CUST0199,TECH0038,NODE0166,Critical,Resolved,Connectivity,2023-12-26 00:00:00,2024-01-09 00:00:00
TICK00997,CUST0134,TECH0149,NODE0091,Low,In Progress,Hardware Failure,2023-11-24 00:00:00,
TICK00998,CUST0136,TECH0024,NODE0067,Medium,Resolved,Service Outage,2024-01-09 00:00:00,2024-01-12 00:00:00
TICK00999,CUST0135,TECH0048,NODE0061,High,Resolved,Configuration,2023-10-26 00:00:00,2023-11-10 00:00:00
TICK01000,CUST0047,TECH0158,NODE0061,Critical,Resolved,Billing,2024-01-27 00:00:00,2024-02-06 00:00:00
